day;amountOfAnimalsOnTheMap;theMostPopularGenotype;averageLevelOfEnergyOfAnimals;avgAmountOfChildren;avgLifeTimeForDeadAnimal;amountOfGrassOnTheMap;amountOfEmptyFieldsOnTheMap
0;5.0;[6, 5, 0, 4, 2, 7, 4, 5, 7, 7, 3, 6, 7, 5, 1, 7, 0, 4, 4, 1, 1, 5, 3, 7, 2, 0, 1, 5, 5, 1];100.0;0.0;0.0;100.0;800.0
1;5.0;[6, 5, 0, 4, 2, 7, 4, 5, 7, 7, 3, 6, 7, 5, 1, 7, 0, 4, 4, 1, 1, 5, 3, 7, 2, 0, 1, 5, 5, 1];98.0;0.0;0.0;103.0;797.0
2;5.0;[6, 5, 0, 4, 2, 7, 4, 5, 7, 7, 3, 6, 7, 5, 1, 7, 0, 4, 4, 1, 1, 5, 3, 7, 2, 0, 1, 5, 5, 1];96.0;0.0;0.0;106.0;794.0
3;5.0;[6, 5, 0, 4, 2, 7, 4, 5, 7, 7, 3, 6, 7, 5, 1, 7, 0, 4, 4, 1, 1, 5, 3, 7, 2, 0, 1, 5, 5, 1];94.0;0.0;0.0;109.0;791.0
4;5.0;[6, 5, 0, 4, 2, 7, 4, 5, 7, 7, 3, 6, 7, 5, 1, 7, 0, 4, 4, 1, 1, 5, 3, 7, 2, 0, 1, 5, 5, 1];92.0;0.0;0.0;112.0;788.0
5;5.0;[6, 5, 0, 4, 2, 7, 4, 5, 7, 7, 3, 6, 7, 5, 1, 7, 0, 4, 4, 1, 1, 5, 3, 7, 2, 0, 1, 5, 5, 1];90.0;0.0;0.0;115.0;785.0
6;5.0;[6, 5, 0, 4, 2, 7, 4, 5, 7, 7, 3, 6, 7, 5, 1, 7, 0, 4, 4, 1, 1, 5, 3, 7, 2, 0, 1, 5, 5, 1];88.0;0.0;0.0;118.0;782.0
7;5.0;[6, 5, 0, 4, 2, 7, 4, 5, 7, 7, 3, 6, 7, 5, 1, 7, 0, 4, 4, 1, 1, 5, 3, 7, 2, 0, 1, 5, 5, 1];86.0;0.0;0.0;121.0;779.0
8;5.0;[6, 5, 0, 4, 2, 7, 4, 5, 7, 7, 3, 6, 7, 5, 1, 7, 0, 4, 4, 1, 1, 5, 3, 7, 2, 0, 1, 5, 5, 1];84.0;0.0;0.0;124.0;776.0
9;5.0;[6, 5, 0, 4, 2, 7, 4, 5, 7, 7, 3, 6, 7, 5, 1, 7, 0, 4, 4, 1, 1, 5, 3, 7, 2, 0, 1, 5, 5, 1];87.0;0.0;0.0;126.0;774.0
10;5.0;[6, 5, 0, 4, 2, 7, 4, 5, 7, 7, 3, 6, 7, 5, 1, 7, 0, 4, 4, 1, 1, 5, 3, 7, 2, 0, 1, 5, 5, 1];85.0;0.0;0.0;129.0;771.0
11;5.0;[6, 5, 0, 4, 2, 7, 4, 5, 7, 7, 3, 6, 7, 5, 1, 7, 0, 4, 4, 1, 1, 5, 3, 7, 2, 0, 1, 5, 5, 1];83.0;0.0;0.0;132.0;768.0
12;5.0;[6, 5, 0, 4, 2, 7, 4, 5, 7, 7, 3, 6, 7, 5, 1, 7, 0, 4, 4, 1, 1, 5, 3, 7, 2, 0, 1, 5, 5, 1];81.0;0.0;0.0;135.0;765.0
13;5.0;[6, 5, 0, 4, 2, 7, 4, 5, 7, 7, 3, 6, 7, 5, 1, 7, 0, 4, 4, 1, 1, 5, 3, 7, 2, 0, 1, 5, 5, 1];79.0;0.0;0.0;138.0;762.0
14;5.0;[6, 5, 0, 4, 2, 7, 4, 5, 7, 7, 3, 6, 7, 5, 1, 7, 0, 4, 4, 1, 1, 5, 3, 7, 2, 0, 1, 5, 5, 1];77.0;0.0;0.0;141.0;759.0
15;5.0;[6, 5, 0, 4, 2, 7, 4, 5, 7, 7, 3, 6, 7, 5, 1, 7, 0, 4, 4, 1, 1, 5, 3, 7, 2, 0, 1, 5, 5, 1];80.0;0.0;0.0;143.0;757.0
16;5.0;[6, 5, 0, 4, 2, 7, 4, 5, 7, 7, 3, 6, 7, 5, 1, 7, 0, 4, 4, 1, 1, 5, 3, 7, 2, 0, 1, 5, 5, 1];75.0;0.0;0.0;146.0;754.0
17;5.0;[6, 5, 0, 4, 2, 7, 4, 5, 7, 7, 3, 6, 7, 5, 1, 7, 0, 4, 4, 1, 1, 5, 3, 7, 2, 0, 1, 5, 5, 1];70.0;0.0;0.0;149.0;751.0
18;5.0;[6, 5, 0, 4, 2, 7, 4, 5, 7, 7, 3, 6, 7, 5, 1, 7, 0, 4, 4, 1, 1, 5, 3, 7, 2, 0, 1, 5, 5, 1];68.0;0.0;0.0;152.0;748.0
19;5.0;[6, 5, 0, 4, 2, 7, 4, 5, 7, 7, 3, 6, 7, 5, 1, 7, 0, 4, 4, 1, 1, 5, 3, 7, 2, 0, 1, 5, 5, 1];63.0;0.0;0.0;155.0;745.0
20;5.0;[6, 5, 0, 4, 2, 7, 4, 5, 7, 7, 3, 6, 7, 5, 1, 7, 0, 4, 4, 1, 1, 5, 3, 7, 2, 0, 1, 5, 5, 1];58.0;0.0;0.0;158.0;742.0
21;4.0;[6, 5, 0, 4, 2, 7, 4, 5, 7, 7, 3, 6, 7, 5, 1, 7, 0, 4, 4, 1, 1, 5, 3, 7, 2, 0, 1, 5, 5, 1];70.5;0.0;40.0;161.0;739.0
22;4.0;[6, 5, 0, 4, 2, 7, 4, 5, 7, 7, 3, 6, 7, 5, 1, 7, 0, 4, 4, 1, 1, 5, 3, 7, 2, 0, 1, 5, 5, 1];68.5;0.0;40.0;164.0;736.0
23;4.0;[6, 5, 0, 4, 2, 7, 4, 5, 7, 7, 3, 6, 7, 5, 1, 7, 0, 4, 4, 1, 1, 5, 3, 7, 2, 0, 1, 5, 5, 1];66.5;0.0;40.0;167.0;733.0
24;4.0;[6, 5, 0, 4, 2, 7, 4, 5, 7, 7, 3, 6, 7, 5, 1, 7, 0, 4, 4, 1, 1, 5, 3, 7, 2, 0, 1, 5, 5, 1];64.5;0.0;40.0;170.0;730.0
25;4.0;[6, 5, 0, 4, 2, 7, 4, 5, 7, 7, 3, 6, 7, 5, 1, 7, 0, 4, 4, 1, 1, 5, 3, 7, 2, 0, 1, 5, 5, 1];62.5;0.0;40.0;173.0;727.0
26;4.0;[6, 5, 0, 4, 2, 7, 4, 5, 7, 7, 3, 6, 7, 5, 1, 7, 0, 4, 4, 1, 1, 5, 3, 7, 2, 0, 1, 5, 5, 1];66.75;0.0;40.0;175.0;725.0
27;4.0;[6, 5, 0, 4, 2, 7, 4, 5, 7, 7, 3, 6, 7, 5, 1, 7, 0, 4, 4, 1, 1, 5, 3, 7, 2, 0, 1, 5, 5, 1];64.75;0.0;40.0;178.0;722.0
28;4.0;[6, 5, 0, 4, 2, 7, 4, 5, 7, 7, 3, 6, 7, 5, 1, 7, 0, 4, 4, 1, 1, 5, 3, 7, 2, 0, 1, 5, 5, 1];62.75;0.0;40.0;181.0;719.0
29;4.0;[6, 5, 0, 4, 2, 7, 4, 5, 7, 7, 3, 6, 7, 5, 1, 7, 0, 4, 4, 1, 1, 5, 3, 7, 2, 0, 1, 5, 5, 1];60.75;0.0;40.0;184.0;716.0
30;4.0;[6, 5, 0, 4, 2, 7, 4, 5, 7, 7, 3, 6, 7, 5, 1, 7, 0, 4, 4, 1, 1, 5, 3, 7, 2, 0, 1, 5, 5, 1];58.75;0.0;40.0;187.0;713.0
31;4.0;[6, 5, 0, 4, 2, 7, 4, 5, 7, 7, 3, 6, 7, 5, 1, 7, 0, 4, 4, 1, 1, 5, 3, 7, 2, 0, 1, 5, 5, 1];56.75;0.0;40.0;190.0;710.0
32;4.0;[6, 5, 0, 4, 2, 7, 4, 5, 7, 7, 3, 6, 7, 5, 1, 7, 0, 4, 4, 1, 1, 5, 3, 7, 2, 0, 1, 5, 5, 1];54.75;0.0;40.0;193.0;707.0
33;4.0;[6, 5, 0, 4, 2, 7, 4, 5, 7, 7, 3, 6, 7, 5, 1, 7, 0, 4, 4, 1, 1, 5, 3, 7, 2, 0, 1, 5, 5, 1];52.75;0.0;40.0;196.0;704.0
34;4.0;[6, 5, 0, 4, 2, 7, 4, 5, 7, 7, 3, 6, 7, 5, 1, 7, 0, 4, 4, 1, 1, 5, 3, 7, 2, 0, 1, 5, 5, 1];50.75;0.0;40.0;199.0;701.0
35;4.0;[6, 5, 0, 4, 2, 7, 4, 5, 7, 7, 3, 6, 7, 5, 1, 7, 0, 4, 4, 1, 1, 5, 3, 7, 2, 0, 1, 5, 5, 1];48.75;0.0;40.0;202.0;698.0
36;4.0;[6, 5, 0, 4, 2, 7, 4, 5, 7, 7, 3, 6, 7, 5, 1, 7, 0, 4, 4, 1, 1, 5, 3, 7, 2, 0, 1, 5, 5, 1];53.0;0.0;40.0;204.0;696.0
37;4.0;[6, 5, 0, 4, 2, 7, 4, 5, 7, 7, 3, 6, 7, 5, 1, 7, 0, 4, 4, 1, 1, 5, 3, 7, 2, 0, 1, 5, 5, 1];51.0;0.0;40.0;207.0;693.0
38;4.0;[6, 5, 0, 4, 2, 7, 4, 5, 7, 7, 3, 6, 7, 5, 1, 7, 0, 4, 4, 1, 1, 5, 3, 7, 2, 0, 1, 5, 5, 1];49.0;0.0;40.0;210.0;690.0
39;4.0;[6, 5, 0, 4, 2, 7, 4, 5, 7, 7, 3, 6, 7, 5, 1, 7, 0, 4, 4, 1, 1, 5, 3, 7, 2, 0, 1, 5, 5, 1];47.0;0.0;40.0;213.0;687.0
40;4.0;[6, 5, 0, 4, 2, 7, 4, 5, 7, 7, 3, 6, 7, 5, 1, 7, 0, 4, 4, 1, 1, 5, 3, 7, 2, 0, 1, 5, 5, 1];45.0;0.0;40.0;216.0;684.0
41;4.0;[6, 5, 0, 4, 2, 7, 4, 5, 7, 7, 3, 6, 7, 5, 1, 7, 0, 4, 4, 1, 1, 5, 3, 7, 2, 0, 1, 5, 5, 1];43.0;0.0;40.0;219.0;681.0
42;4.0;[6, 5, 0, 4, 2, 7, 4, 5, 7, 7, 3, 6, 7, 5, 1, 7, 0, 4, 4, 1, 1, 5, 3, 7, 2, 0, 1, 5, 5, 1];47.25;0.0;40.0;221.0;679.0
43;4.0;[6, 5, 0, 4, 2, 7, 4, 5, 7, 7, 3, 6, 7, 5, 1, 7, 0, 4, 4, 1, 1, 5, 3, 7, 2, 0, 1, 5, 5, 1];51.5;0.0;40.0;223.0;677.0
44;4.0;[6, 5, 0, 4, 2, 7, 4, 5, 7, 7, 3, 6, 7, 5, 1, 7, 0, 4, 4, 1, 1, 5, 3, 7, 2, 0, 1, 5, 5, 1];49.5;0.0;40.0;226.0;674.0
45;4.0;[6, 5, 0, 4, 2, 7, 4, 5, 7, 7, 3, 6, 7, 5, 1, 7, 0, 4, 4, 1, 1, 5, 3, 7, 2, 0, 1, 5, 5, 1];47.5;0.0;40.0;229.0;671.0
46;4.0;[6, 5, 0, 4, 2, 7, 4, 5, 7, 7, 3, 6, 7, 5, 1, 7, 0, 4, 4, 1, 1, 5, 3, 7, 2, 0, 1, 5, 5, 1];45.5;0.0;40.0;232.0;668.0
47;4.0;[6, 5, 0, 4, 2, 7, 4, 5, 7, 7, 3, 6, 7, 5, 1, 7, 0, 4, 4, 1, 1, 5, 3, 7, 2, 0, 1, 5, 5, 1];43.5;0.0;40.0;235.0;665.0
48;4.0;[6, 5, 0, 4, 2, 7, 4, 5, 7, 7, 3, 6, 7, 5, 1, 7, 0, 4, 4, 1, 1, 5, 3, 7, 2, 0, 1, 5, 5, 1];41.5;0.0;40.0;238.0;662.0
49;4.0;[6, 5, 0, 4, 2, 7, 4, 5, 7, 7, 3, 6, 7, 5, 1, 7, 0, 4, 4, 1, 1, 5, 3, 7, 2, 0, 1, 5, 5, 1];39.5;0.0;40.0;241.0;659.0
50;4.0;[6, 5, 0, 4, 2, 7, 4, 5, 7, 7, 3, 6, 7, 5, 1, 7, 0, 4, 4, 1, 1, 5, 3, 7, 2, 0, 1, 5, 5, 1];43.75;0.0;40.0;243.0;657.0
51;3.0;[6, 5, 0, 4, 2, 7, 4, 5, 7, 7, 3, 6, 7, 5, 1, 7, 0, 4, 4, 1, 1, 5, 3, 7, 2, 0, 1, 5, 5, 1];56.33;0.0;70.0;246.0;654.0
52;3.0;[6, 5, 0, 4, 2, 7, 4, 5, 7, 7, 3, 6, 7, 5, 1, 7, 0, 4, 4, 1, 1, 5, 3, 7, 2, 0, 1, 5, 5, 1];54.33;0.0;70.0;249.0;651.0
53;3.0;[6, 5, 0, 4, 2, 7, 4, 5, 7, 7, 3, 6, 7, 5, 1, 7, 0, 4, 4, 1, 1, 5, 3, 7, 2, 0, 1, 5, 5, 1];52.33;0.0;70.0;252.0;648.0
54;3.0;[6, 5, 0, 4, 2, 7, 4, 5, 7, 7, 3, 6, 7, 5, 1, 7, 0, 4, 4, 1, 1, 5, 3, 7, 2, 0, 1, 5, 5, 1];50.33;0.0;70.0;255.0;645.0
55;3.0;[6, 5, 0, 4, 2, 7, 4, 5, 7, 7, 3, 6, 7, 5, 1, 7, 0, 4, 4, 1, 1, 5, 3, 7, 2, 0, 1, 5, 5, 1];48.33;0.0;70.0;258.0;642.0
56;3.0;[6, 5, 0, 4, 2, 7, 4, 5, 7, 7, 3, 6, 7, 5, 1, 7, 0, 4, 4, 1, 1, 5, 3, 7, 2, 0, 1, 5, 5, 1];54.67;0.0;70.0;260.0;640.0
57;3.0;[6, 5, 0, 4, 2, 7, 4, 5, 7, 7, 3, 6, 7, 5, 1, 7, 0, 4, 4, 1, 1, 5, 3, 7, 2, 0, 1, 5, 5, 1];61.0;0.0;70.0;262.0;638.0
58;3.0;[6, 5, 0, 4, 2, 7, 4, 5, 7, 7, 3, 6, 7, 5, 1, 7, 0, 4, 4, 1, 1, 5, 3, 7, 2, 0, 1, 5, 5, 1];59.0;0.0;70.0;265.0;635.0
59;3.0;[6, 5, 0, 4, 2, 7, 4, 5, 7, 7, 3, 6, 7, 5, 1, 7, 0, 4, 4, 1, 1, 5, 3, 7, 2, 0, 1, 5, 5, 1];57.0;0.0;70.0;268.0;632.0
60;3.0;[6, 5, 0, 4, 2, 7, 4, 5, 7, 7, 3, 6, 7, 5, 1, 7, 0, 4, 4, 1, 1, 5, 3, 7, 2, 0, 1, 5, 5, 1];63.33;0.0;70.0;270.0;630.0
61;3.0;[6, 5, 0, 4, 2, 7, 4, 5, 7, 7, 3, 6, 7, 5, 1, 7, 0, 4, 4, 1, 1, 5, 3, 7, 2, 0, 1, 5, 5, 1];61.33;0.0;70.0;273.0;627.0
62;3.0;[6, 5, 0, 4, 2, 7, 4, 5, 7, 7, 3, 6, 7, 5, 1, 7, 0, 4, 4, 1, 1, 5, 3, 7, 2, 0, 1, 5, 5, 1];59.33;0.0;70.0;276.0;624.0
63;3.0;[6, 5, 0, 4, 2, 7, 4, 5, 7, 7, 3, 6, 7, 5, 1, 7, 0, 4, 4, 1, 1, 5, 3, 7, 2, 0, 1, 5, 5, 1];65.67;0.0;70.0;278.0;622.0
64;3.0;[6, 5, 0, 4, 2, 7, 4, 5, 7, 7, 3, 6, 7, 5, 1, 7, 0, 4, 4, 1, 1, 5, 3, 7, 2, 0, 1, 5, 5, 1];72.0;0.0;70.0;280.0;620.0
65;3.0;[6, 5, 0, 4, 2, 7, 4, 5, 7, 7, 3, 6, 7, 5, 1, 7, 0, 4, 4, 1, 1, 5, 3, 7, 2, 0, 1, 5, 5, 1];70.0;0.0;70.0;283.0;617.0
66;3.0;[6, 5, 0, 4, 2, 7, 4, 5, 7, 7, 3, 6, 7, 5, 1, 7, 0, 4, 4, 1, 1, 5, 3, 7, 2, 0, 1, 5, 5, 1];68.0;0.0;70.0;286.0;614.0
67;3.0;[6, 5, 0, 4, 2, 7, 4, 5, 7, 7, 3, 6, 7, 5, 1, 7, 0, 4, 4, 1, 1, 5, 3, 7, 2, 0, 1, 5, 5, 1];66.0;0.0;70.0;289.0;611.0
68;3.0;[6, 5, 0, 4, 2, 7, 4, 5, 7, 7, 3, 6, 7, 5, 1, 7, 0, 4, 4, 1, 1, 5, 3, 7, 2, 0, 1, 5, 5, 1];64.0;0.0;70.0;292.0;608.0
69;3.0;[6, 5, 0, 4, 2, 7, 4, 5, 7, 7, 3, 6, 7, 5, 1, 7, 0, 4, 4, 1, 1, 5, 3, 7, 2, 0, 1, 5, 5, 1];70.33;0.0;70.0;294.0;606.0
70;3.0;[6, 5, 0, 4, 2, 7, 4, 5, 7, 7, 3, 6, 7, 5, 1, 7, 0, 4, 4, 1, 1, 5, 3, 7, 2, 0, 1, 5, 5, 1];85.0;0.0;70.0;295.0;605.0
71;3.0;[6, 5, 0, 4, 2, 7, 4, 5, 7, 7, 3, 6, 7, 5, 1, 7, 0, 4, 4, 1, 1, 5, 3, 7, 2, 0, 1, 5, 5, 1];91.33;0.0;70.0;297.0;603.0
72;3.0;[6, 5, 0, 4, 2, 7, 4, 5, 7, 7, 3, 6, 7, 5, 1, 7, 0, 4, 4, 1, 1, 5, 3, 7, 2, 0, 1, 5, 5, 1];97.67;0.0;70.0;299.0;601.0
73;3.0;[6, 5, 0, 4, 2, 7, 4, 5, 7, 7, 3, 6, 7, 5, 1, 7, 0, 4, 4, 1, 1, 5, 3, 7, 2, 0, 1, 5, 5, 1];112.33;0.0;70.0;300.0;600.0
74;3.0;[6, 5, 0, 4, 2, 7, 4, 5, 7, 7, 3, 6, 7, 5, 1, 7, 0, 4, 4, 1, 1, 5, 3, 7, 2, 0, 1, 5, 5, 1];118.67;0.0;70.0;302.0;598.0
75;3.0;[6, 5, 0, 4, 2, 7, 4, 5, 7, 7, 3, 6, 7, 5, 1, 7, 0, 4, 4, 1, 1, 5, 3, 7, 2, 0, 1, 5, 5, 1];125.0;0.0;70.0;304.0;596.0
76;3.0;[6, 5, 0, 4, 2, 7, 4, 5, 7, 7, 3, 6, 7, 5, 1, 7, 0, 4, 4, 1, 1, 5, 3, 7, 2, 0, 1, 5, 5, 1];131.33;0.0;70.0;306.0;594.0
77;3.0;[6, 5, 0, 4, 2, 7, 4, 5, 7, 7, 3, 6, 7, 5, 1, 7, 0, 4, 4, 1, 1, 5, 3, 7, 2, 0, 1, 5, 5, 1];137.67;0.0;70.0;308.0;592.0
78;3.0;[6, 5, 0, 4, 2, 7, 4, 5, 7, 7, 3, 6, 7, 5, 1, 7, 0, 4, 4, 1, 1, 5, 3, 7, 2, 0, 1, 5, 5, 1];139.0;0.0;70.0;310.0;590.0
79;3.0;[6, 5, 0, 4, 2, 7, 4, 5, 7, 7, 3, 6, 7, 5, 1, 7, 0, 4, 4, 1, 1, 5, 3, 7, 2, 0, 1, 5, 5, 1];140.33;0.0;70.0;312.0;588.0
80;2.0;[6, 5, 0, 4, 2, 7, 4, 5, 7, 7, 3, 6, 7, 5, 1, 7, 0, 4, 4, 1, 1, 5, 3, 7, 2, 0, 1, 5, 5, 1];227.5;0.0;99.33;314.0;586.0
81;2.0;[6, 5, 0, 4, 2, 7, 4, 5, 7, 7, 3, 6, 7, 5, 1, 7, 0, 4, 4, 1, 1, 5, 3, 7, 2, 0, 1, 5, 5, 1];238.0;0.0;99.33;316.0;584.0
82;2.0;[6, 5, 0, 4, 2, 7, 4, 5, 7, 7, 3, 6, 7, 5, 1, 7, 0, 4, 4, 1, 1, 5, 3, 7, 2, 0, 1, 5, 5, 1];261.0;0.0;99.33;317.0;583.0
83;2.0;[6, 5, 0, 4, 2, 7, 4, 5, 7, 7, 3, 6, 7, 5, 1, 7, 0, 4, 4, 1, 1, 5, 3, 7, 2, 0, 1, 5, 5, 1];271.5;0.0;99.33;319.0;581.0
84;2.0;[6, 5, 0, 4, 2, 7, 4, 5, 7, 7, 3, 6, 7, 5, 1, 7, 0, 4, 4, 1, 1, 5, 3, 7, 2, 0, 1, 5, 5, 1];294.5;0.0;99.33;320.0;580.0
85;2.0;[6, 5, 0, 4, 2, 7, 4, 5, 7, 7, 3, 6, 7, 5, 1, 7, 0, 4, 4, 1, 1, 5, 3, 7, 2, 0, 1, 5, 5, 1];317.5;0.0;99.33;321.0;579.0
86;2.0;[6, 5, 0, 4, 2, 7, 4, 5, 7, 7, 3, 6, 7, 5, 1, 7, 0, 4, 4, 1, 1, 5, 3, 7, 2, 0, 1, 5, 5, 1];328.0;0.0;99.33;323.0;577.0
87;2.0;[6, 5, 0, 4, 2, 7, 4, 5, 7, 7, 3, 6, 7, 5, 1, 7, 0, 4, 4, 1, 1, 5, 3, 7, 2, 0, 1, 5, 5, 1];338.5;0.0;99.33;325.0;575.0
88;2.0;[6, 5, 0, 4, 2, 7, 4, 5, 7, 7, 3, 6, 7, 5, 1, 7, 0, 4, 4, 1, 1, 5, 3, 7, 2, 0, 1, 5, 5, 1];349.0;0.0;99.33;327.0;573.0
89;2.0;[6, 5, 0, 4, 2, 7, 4, 5, 7, 7, 3, 6, 7, 5, 1, 7, 0, 4, 4, 1, 1, 5, 3, 7, 2, 0, 1, 5, 5, 1];359.5;0.0;99.33;329.0;571.0
90;2.0;[6, 5, 0, 4, 2, 7, 4, 5, 7, 7, 3, 6, 7, 5, 1, 7, 0, 4, 4, 1, 1, 5, 3, 7, 2, 0, 1, 5, 5, 1];370.0;0.0;99.33;331.0;569.0
91;2.0;[6, 5, 0, 4, 2, 7, 4, 5, 7, 7, 3, 6, 7, 5, 1, 7, 0, 4, 4, 1, 1, 5, 3, 7, 2, 0, 1, 5, 5, 1];380.5;0.0;99.33;333.0;567.0
92;2.0;[6, 5, 0, 4, 2, 7, 4, 5, 7, 7, 3, 6, 7, 5, 1, 7, 0, 4, 4, 1, 1, 5, 3, 7, 2, 0, 1, 5, 5, 1];391.0;0.0;99.33;335.0;565.0
93;2.0;[6, 5, 0, 4, 2, 7, 4, 5, 7, 7, 3, 6, 7, 5, 1, 7, 0, 4, 4, 1, 1, 5, 3, 7, 2, 0, 1, 5, 5, 1];401.5;0.0;99.33;337.0;563.0
94;2.0;[6, 5, 0, 4, 2, 7, 4, 5, 7, 7, 3, 6, 7, 5, 1, 7, 0, 4, 4, 1, 1, 5, 3, 7, 2, 0, 1, 5, 5, 1];412.0;0.0;99.33;339.0;561.0
95;2.0;[6, 5, 0, 4, 2, 7, 4, 5, 7, 7, 3, 6, 7, 5, 1, 7, 0, 4, 4, 1, 1, 5, 3, 7, 2, 0, 1, 5, 5, 1];422.5;0.0;99.33;341.0;559.0
96;2.0;[6, 5, 0, 4, 2, 7, 4, 5, 7, 7, 3, 6, 7, 5, 1, 7, 0, 4, 4, 1, 1, 5, 3, 7, 2, 0, 1, 5, 5, 1];420.5;0.0;99.33;344.0;556.0
97;2.0;[6, 5, 0, 4, 2, 7, 4, 5, 7, 7, 3, 6, 7, 5, 1, 7, 0, 4, 4, 1, 1, 5, 3, 7, 2, 0, 1, 5, 5, 1];431.0;0.0;99.33;346.0;554.0
98;2.0;[6, 5, 0, 4, 2, 7, 4, 5, 7, 7, 3, 6, 7, 5, 1, 7, 0, 4, 4, 1, 1, 5, 3, 7, 2, 0, 1, 5, 5, 1];441.5;0.0;99.33;348.0;552.0
99;2.0;[6, 5, 0, 4, 2, 7, 4, 5, 7, 7, 3, 6, 7, 5, 1, 7, 0, 4, 4, 1, 1, 5, 3, 7, 2, 0, 1, 5, 5, 1];452.0;0.0;99.33;350.0;550.0
100;2.0;[6, 5, 0, 4, 2, 7, 4, 5, 7, 7, 3, 6, 7, 5, 1, 7, 0, 4, 4, 1, 1, 5, 3, 7, 2, 0, 1, 5, 5, 1];475.0;0.0;99.33;351.0;549.0
101;2.0;[6, 5, 0, 4, 2, 7, 4, 5, 7, 7, 3, 6, 7, 5, 1, 7, 0, 4, 4, 1, 1, 5, 3, 7, 2, 0, 1, 5, 5, 1];485.5;0.0;99.33;353.0;547.0
102;2.0;[6, 5, 0, 4, 2, 7, 4, 5, 7, 7, 3, 6, 7, 5, 1, 7, 0, 4, 4, 1, 1, 5, 3, 7, 2, 0, 1, 5, 5, 1];496.0;0.0;99.33;355.0;545.0
103;2.0;[6, 5, 0, 4, 2, 7, 4, 5, 7, 7, 3, 6, 7, 5, 1, 7, 0, 4, 4, 1, 1, 5, 3, 7, 2, 0, 1, 5, 5, 1];519.0;0.0;99.33;356.0;544.0
104;2.0;[6, 5, 0, 4, 2, 7, 4, 5, 7, 7, 3, 6, 7, 5, 1, 7, 0, 4, 4, 1, 1, 5, 3, 7, 2, 0, 1, 5, 5, 1];529.5;0.0;99.33;358.0;542.0
105;2.0;[6, 5, 0, 4, 2, 7, 4, 5, 7, 7, 3, 6, 7, 5, 1, 7, 0, 4, 4, 1, 1, 5, 3, 7, 2, 0, 1, 5, 5, 1];540.0;0.0;99.33;360.0;540.0
106;2.0;[6, 5, 0, 4, 2, 7, 4, 5, 7, 7, 3, 6, 7, 5, 1, 7, 0, 4, 4, 1, 1, 5, 3, 7, 2, 0, 1, 5, 5, 1];550.5;0.0;99.33;362.0;538.0
107;2.0;[6, 5, 0, 4, 2, 7, 4, 5, 7, 7, 3, 6, 7, 5, 1, 7, 0, 4, 4, 1, 1, 5, 3, 7, 2, 0, 1, 5, 5, 1];561.0;0.0;99.33;364.0;536.0
108;2.0;[6, 5, 0, 4, 2, 7, 4, 5, 7, 7, 3, 6, 7, 5, 1, 7, 0, 4, 4, 1, 1, 5, 3, 7, 2, 0, 1, 5, 5, 1];571.5;0.0;99.33;366.0;534.0
109;2.0;[6, 5, 0, 4, 2, 7, 4, 5, 7, 7, 3, 6, 7, 5, 1, 7, 0, 4, 4, 1, 1, 5, 3, 7, 2, 0, 1, 5, 5, 1];582.0;0.0;99.33;368.0;532.0
110;2.0;[6, 5, 0, 4, 2, 7, 4, 5, 7, 7, 3, 6, 7, 5, 1, 7, 0, 4, 4, 1, 1, 5, 3, 7, 2, 0, 1, 5, 5, 1];592.5;0.0;99.33;370.0;530.0
111;2.0;[6, 5, 0, 4, 2, 7, 4, 5, 7, 7, 3, 6, 7, 5, 1, 7, 0, 4, 4, 1, 1, 5, 3, 7, 2, 0, 1, 5, 5, 1];603.0;0.0;99.33;372.0;528.0
112;2.0;[6, 5, 0, 4, 2, 7, 4, 5, 7, 7, 3, 6, 7, 5, 1, 7, 0, 4, 4, 1, 1, 5, 3, 7, 2, 0, 1, 5, 5, 1];613.5;0.0;99.33;374.0;526.0
113;2.0;[6, 5, 0, 4, 2, 7, 4, 5, 7, 7, 3, 6, 7, 5, 1, 7, 0, 4, 4, 1, 1, 5, 3, 7, 2, 0, 1, 5, 5, 1];636.5;0.0;99.33;375.0;525.0
114;2.0;[6, 5, 0, 4, 2, 7, 4, 5, 7, 7, 3, 6, 7, 5, 1, 7, 0, 4, 4, 1, 1, 5, 3, 7, 2, 0, 1, 5, 5, 1];659.5;0.0;99.33;376.0;524.0
115;2.0;[6, 5, 0, 4, 2, 7, 4, 5, 7, 7, 3, 6, 7, 5, 1, 7, 0, 4, 4, 1, 1, 5, 3, 7, 2, 0, 1, 5, 5, 1];682.5;0.0;99.33;377.0;523.0
116;2.0;[6, 5, 0, 4, 2, 7, 4, 5, 7, 7, 3, 6, 7, 5, 1, 7, 0, 4, 4, 1, 1, 5, 3, 7, 2, 0, 1, 5, 5, 1];693.0;0.0;99.33;379.0;521.0
117;2.0;[6, 5, 0, 4, 2, 7, 4, 5, 7, 7, 3, 6, 7, 5, 1, 7, 0, 4, 4, 1, 1, 5, 3, 7, 2, 0, 1, 5, 5, 1];716.0;0.0;99.33;380.0;520.0
118;2.0;[6, 5, 0, 4, 2, 7, 4, 5, 7, 7, 3, 6, 7, 5, 1, 7, 0, 4, 4, 1, 1, 5, 3, 7, 2, 0, 1, 5, 5, 1];726.5;0.0;99.33;382.0;518.0
119;2.0;[6, 5, 0, 4, 2, 7, 4, 5, 7, 7, 3, 6, 7, 5, 1, 7, 0, 4, 4, 1, 1, 5, 3, 7, 2, 0, 1, 5, 5, 1];737.0;0.0;99.33;384.0;516.0
120;2.0;[6, 5, 0, 4, 2, 7, 4, 5, 7, 7, 3, 6, 7, 5, 1, 7, 0, 4, 4, 1, 1, 5, 3, 7, 2, 0, 1, 5, 5, 1];747.5;0.0;99.33;386.0;514.0
121;2.0;[6, 5, 0, 4, 2, 7, 4, 5, 7, 7, 3, 6, 7, 5, 1, 7, 0, 4, 4, 1, 1, 5, 3, 7, 2, 0, 1, 5, 5, 1];770.5;0.0;99.33;387.0;513.0
122;2.0;[6, 5, 0, 4, 2, 7, 4, 5, 7, 7, 3, 6, 7, 5, 1, 7, 0, 4, 4, 1, 1, 5, 3, 7, 2, 0, 1, 5, 5, 1];768.5;0.0;99.33;390.0;510.0
123;2.0;[6, 5, 0, 4, 2, 7, 4, 5, 7, 7, 3, 6, 7, 5, 1, 7, 0, 4, 4, 1, 1, 5, 3, 7, 2, 0, 1, 5, 5, 1];766.5;0.0;99.33;393.0;507.0
124;2.0;[6, 5, 0, 4, 2, 7, 4, 5, 7, 7, 3, 6, 7, 5, 1, 7, 0, 4, 4, 1, 1, 5, 3, 7, 2, 0, 1, 5, 5, 1];764.5;0.0;99.33;396.0;504.0
125;2.0;[6, 5, 0, 4, 2, 7, 4, 5, 7, 7, 3, 6, 7, 5, 1, 7, 0, 4, 4, 1, 1, 5, 3, 7, 2, 0, 1, 5, 5, 1];762.5;0.0;99.33;399.0;501.0
126;2.0;[6, 5, 0, 4, 2, 7, 4, 5, 7, 7, 3, 6, 7, 5, 1, 7, 0, 4, 4, 1, 1, 5, 3, 7, 2, 0, 1, 5, 5, 1];773.0;0.0;99.33;401.0;499.0
127;2.0;[6, 5, 0, 4, 2, 7, 4, 5, 7, 7, 3, 6, 7, 5, 1, 7, 0, 4, 4, 1, 1, 5, 3, 7, 2, 0, 1, 5, 5, 1];771.0;0.0;99.33;404.0;496.0
128;2.0;[6, 5, 0, 4, 2, 7, 4, 5, 7, 7, 3, 6, 7, 5, 1, 7, 0, 4, 4, 1, 1, 5, 3, 7, 2, 0, 1, 5, 5, 1];781.5;0.0;99.33;406.0;494.0
129;2.0;[6, 5, 0, 4, 2, 7, 4, 5, 7, 7, 3, 6, 7, 5, 1, 7, 0, 4, 4, 1, 1, 5, 3, 7, 2, 0, 1, 5, 5, 1];792.0;0.0;99.33;408.0;492.0
130;2.0;[6, 5, 0, 4, 2, 7, 4, 5, 7, 7, 3, 6, 7, 5, 1, 7, 0, 4, 4, 1, 1, 5, 3, 7, 2, 0, 1, 5, 5, 1];790.0;0.0;99.33;411.0;489.0
131;2.0;[6, 5, 0, 4, 2, 7, 4, 5, 7, 7, 3, 6, 7, 5, 1, 7, 0, 4, 4, 1, 1, 5, 3, 7, 2, 0, 1, 5, 5, 1];800.5;0.0;99.33;413.0;487.0
132;2.0;[6, 5, 0, 4, 2, 7, 4, 5, 7, 7, 3, 6, 7, 5, 1, 7, 0, 4, 4, 1, 1, 5, 3, 7, 2, 0, 1, 5, 5, 1];798.5;0.0;99.33;416.0;484.0
133;2.0;[6, 5, 0, 4, 2, 7, 4, 5, 7, 7, 3, 6, 7, 5, 1, 7, 0, 4, 4, 1, 1, 5, 3, 7, 2, 0, 1, 5, 5, 1];809.0;0.0;99.33;418.0;482.0
134;2.0;[6, 5, 0, 4, 2, 7, 4, 5, 7, 7, 3, 6, 7, 5, 1, 7, 0, 4, 4, 1, 1, 5, 3, 7, 2, 0, 1, 5, 5, 1];819.5;0.0;99.33;420.0;480.0
135;2.0;[6, 5, 0, 4, 2, 7, 4, 5, 7, 7, 3, 6, 7, 5, 1, 7, 0, 4, 4, 1, 1, 5, 3, 7, 2, 0, 1, 5, 5, 1];817.5;0.0;99.33;423.0;477.0
136;2.0;[6, 5, 0, 4, 2, 7, 4, 5, 7, 7, 3, 6, 7, 5, 1, 7, 0, 4, 4, 1, 1, 5, 3, 7, 2, 0, 1, 5, 5, 1];815.5;0.0;99.33;426.0;474.0
137;2.0;[6, 5, 0, 4, 2, 7, 4, 5, 7, 7, 3, 6, 7, 5, 1, 7, 0, 4, 4, 1, 1, 5, 3, 7, 2, 0, 1, 5, 5, 1];826.0;0.0;99.33;428.0;472.0
138;2.0;[6, 5, 0, 4, 2, 7, 4, 5, 7, 7, 3, 6, 7, 5, 1, 7, 0, 4, 4, 1, 1, 5, 3, 7, 2, 0, 1, 5, 5, 1];824.0;0.0;99.33;431.0;469.0
139;2.0;[6, 5, 0, 4, 2, 7, 4, 5, 7, 7, 3, 6, 7, 5, 1, 7, 0, 4, 4, 1, 1, 5, 3, 7, 2, 0, 1, 5, 5, 1];822.0;0.0;99.33;434.0;466.0
140;2.0;[6, 5, 0, 4, 2, 7, 4, 5, 7, 7, 3, 6, 7, 5, 1, 7, 0, 4, 4, 1, 1, 5, 3, 7, 2, 0, 1, 5, 5, 1];820.0;0.0;99.33;437.0;463.0
141;2.0;[6, 5, 0, 4, 2, 7, 4, 5, 7, 7, 3, 6, 7, 5, 1, 7, 0, 4, 4, 1, 1, 5, 3, 7, 2, 0, 1, 5, 5, 1];818.0;0.0;99.33;440.0;460.0
142;2.0;[6, 5, 0, 4, 2, 7, 4, 5, 7, 7, 3, 6, 7, 5, 1, 7, 0, 4, 4, 1, 1, 5, 3, 7, 2, 0, 1, 5, 5, 1];816.0;0.0;99.33;443.0;457.0
143;2.0;[6, 5, 0, 4, 2, 7, 4, 5, 7, 7, 3, 6, 7, 5, 1, 7, 0, 4, 4, 1, 1, 5, 3, 7, 2, 0, 1, 5, 5, 1];814.0;0.0;99.33;446.0;454.0
144;2.0;[6, 5, 0, 4, 2, 7, 4, 5, 7, 7, 3, 6, 7, 5, 1, 7, 0, 4, 4, 1, 1, 5, 3, 7, 2, 0, 1, 5, 5, 1];824.5;0.0;99.33;448.0;452.0
145;2.0;[6, 5, 0, 4, 2, 7, 4, 5, 7, 7, 3, 6, 7, 5, 1, 7, 0, 4, 4, 1, 1, 5, 3, 7, 2, 0, 1, 5, 5, 1];835.0;0.0;99.33;450.0;450.0
146;2.0;[6, 5, 0, 4, 2, 7, 4, 5, 7, 7, 3, 6, 7, 5, 1, 7, 0, 4, 4, 1, 1, 5, 3, 7, 2, 0, 1, 5, 5, 1];833.0;0.0;99.33;453.0;447.0
147;2.0;[6, 5, 0, 4, 2, 7, 4, 5, 7, 7, 3, 6, 7, 5, 1, 7, 0, 4, 4, 1, 1, 5, 3, 7, 2, 0, 1, 5, 5, 1];831.0;0.0;99.33;456.0;444.0
148;2.0;[6, 5, 0, 4, 2, 7, 4, 5, 7, 7, 3, 6, 7, 5, 1, 7, 0, 4, 4, 1, 1, 5, 3, 7, 2, 0, 1, 5, 5, 1];829.0;0.0;99.33;459.0;441.0
149;2.0;[6, 5, 0, 4, 2, 7, 4, 5, 7, 7, 3, 6, 7, 5, 1, 7, 0, 4, 4, 1, 1, 5, 3, 7, 2, 0, 1, 5, 5, 1];827.0;0.0;99.33;462.0;438.0
150;2.0;[6, 5, 0, 4, 2, 7, 4, 5, 7, 7, 3, 6, 7, 5, 1, 7, 0, 4, 4, 1, 1, 5, 3, 7, 2, 0, 1, 5, 5, 1];825.0;0.0;99.33;465.0;435.0
151;2.0;[6, 5, 0, 4, 2, 7, 4, 5, 7, 7, 3, 6, 7, 5, 1, 7, 0, 4, 4, 1, 1, 5, 3, 7, 2, 0, 1, 5, 5, 1];835.5;0.0;99.33;467.0;433.0
152;2.0;[6, 5, 0, 4, 2, 7, 4, 5, 7, 7, 3, 6, 7, 5, 1, 7, 0, 4, 4, 1, 1, 5, 3, 7, 2, 0, 1, 5, 5, 1];833.5;0.0;99.33;470.0;430.0
153;2.0;[6, 5, 0, 4, 2, 7, 4, 5, 7, 7, 3, 6, 7, 5, 1, 7, 0, 4, 4, 1, 1, 5, 3, 7, 2, 0, 1, 5, 5, 1];831.5;0.0;99.33;473.0;427.0
154;2.0;[6, 5, 0, 4, 2, 7, 4, 5, 7, 7, 3, 6, 7, 5, 1, 7, 0, 4, 4, 1, 1, 5, 3, 7, 2, 0, 1, 5, 5, 1];829.5;0.0;99.33;476.0;424.0
155;2.0;[6, 5, 0, 4, 2, 7, 4, 5, 7, 7, 3, 6, 7, 5, 1, 7, 0, 4, 4, 1, 1, 5, 3, 7, 2, 0, 1, 5, 5, 1];840.0;0.0;99.33;478.0;422.0
156;2.0;[6, 5, 0, 4, 2, 7, 4, 5, 7, 7, 3, 6, 7, 5, 1, 7, 0, 4, 4, 1, 1, 5, 3, 7, 2, 0, 1, 5, 5, 1];838.0;0.0;99.33;481.0;419.0
157;2.0;[6, 5, 0, 4, 2, 7, 4, 5, 7, 7, 3, 6, 7, 5, 1, 7, 0, 4, 4, 1, 1, 5, 3, 7, 2, 0, 1, 5, 5, 1];836.0;0.0;99.33;484.0;416.0
158;2.0;[6, 5, 0, 4, 2, 7, 4, 5, 7, 7, 3, 6, 7, 5, 1, 7, 0, 4, 4, 1, 1, 5, 3, 7, 2, 0, 1, 5, 5, 1];846.5;0.0;99.33;486.0;414.0
159;2.0;[6, 5, 0, 4, 2, 7, 4, 5, 7, 7, 3, 6, 7, 5, 1, 7, 0, 4, 4, 1, 1, 5, 3, 7, 2, 0, 1, 5, 5, 1];844.5;0.0;99.33;489.0;411.0
160;2.0;[6, 5, 0, 4, 2, 7, 4, 5, 7, 7, 3, 6, 7, 5, 1, 7, 0, 4, 4, 1, 1, 5, 3, 7, 2, 0, 1, 5, 5, 1];842.5;0.0;99.33;492.0;408.0
161;2.0;[6, 5, 0, 4, 2, 7, 4, 5, 7, 7, 3, 6, 7, 5, 1, 7, 0, 4, 4, 1, 1, 5, 3, 7, 2, 0, 1, 5, 5, 1];853.0;0.0;99.33;494.0;406.0
162;2.0;[6, 5, 0, 4, 2, 7, 4, 5, 7, 7, 3, 6, 7, 5, 1, 7, 0, 4, 4, 1, 1, 5, 3, 7, 2, 0, 1, 5, 5, 1];851.0;0.0;99.33;497.0;403.0
163;2.0;[6, 5, 0, 4, 2, 7, 4, 5, 7, 7, 3, 6, 7, 5, 1, 7, 0, 4, 4, 1, 1, 5, 3, 7, 2, 0, 1, 5, 5, 1];849.0;0.0;99.33;500.0;400.0
164;2.0;[6, 5, 0, 4, 2, 7, 4, 5, 7, 7, 3, 6, 7, 5, 1, 7, 0, 4, 4, 1, 1, 5, 3, 7, 2, 0, 1, 5, 5, 1];859.5;0.0;99.33;502.0;398.0
165;2.0;[6, 5, 0, 4, 2, 7, 4, 5, 7, 7, 3, 6, 7, 5, 1, 7, 0, 4, 4, 1, 1, 5, 3, 7, 2, 0, 1, 5, 5, 1];857.5;0.0;99.33;505.0;395.0
166;2.0;[6, 5, 0, 4, 2, 7, 4, 5, 7, 7, 3, 6, 7, 5, 1, 7, 0, 4, 4, 1, 1, 5, 3, 7, 2, 0, 1, 5, 5, 1];868.0;0.0;99.33;507.0;393.0
167;2.0;[6, 5, 0, 4, 2, 7, 4, 5, 7, 7, 3, 6, 7, 5, 1, 7, 0, 4, 4, 1, 1, 5, 3, 7, 2, 0, 1, 5, 5, 1];866.0;0.0;99.33;510.0;390.0
168;2.0;[6, 5, 0, 4, 2, 7, 4, 5, 7, 7, 3, 6, 7, 5, 1, 7, 0, 4, 4, 1, 1, 5, 3, 7, 2, 0, 1, 5, 5, 1];864.0;0.0;99.33;513.0;387.0
169;2.0;[6, 5, 0, 4, 2, 7, 4, 5, 7, 7, 3, 6, 7, 5, 1, 7, 0, 4, 4, 1, 1, 5, 3, 7, 2, 0, 1, 5, 5, 1];862.0;0.0;99.33;516.0;384.0
170;2.0;[6, 5, 0, 4, 2, 7, 4, 5, 7, 7, 3, 6, 7, 5, 1, 7, 0, 4, 4, 1, 1, 5, 3, 7, 2, 0, 1, 5, 5, 1];860.0;0.0;99.33;519.0;381.0
171;2.0;[6, 5, 0, 4, 2, 7, 4, 5, 7, 7, 3, 6, 7, 5, 1, 7, 0, 4, 4, 1, 1, 5, 3, 7, 2, 0, 1, 5, 5, 1];870.5;0.0;99.33;521.0;379.0
172;2.0;[6, 5, 0, 4, 2, 7, 4, 5, 7, 7, 3, 6, 7, 5, 1, 7, 0, 4, 4, 1, 1, 5, 3, 7, 2, 0, 1, 5, 5, 1];881.0;0.0;99.33;523.0;377.0
173;2.0;[6, 5, 0, 4, 2, 7, 4, 5, 7, 7, 3, 6, 7, 5, 1, 7, 0, 4, 4, 1, 1, 5, 3, 7, 2, 0, 1, 5, 5, 1];879.0;0.0;99.33;526.0;374.0
174;2.0;[6, 5, 0, 4, 2, 7, 4, 5, 7, 7, 3, 6, 7, 5, 1, 7, 0, 4, 4, 1, 1, 5, 3, 7, 2, 0, 1, 5, 5, 1];877.0;0.0;99.33;529.0;371.0
175;2.0;[6, 5, 0, 4, 2, 7, 4, 5, 7, 7, 3, 6, 7, 5, 1, 7, 0, 4, 4, 1, 1, 5, 3, 7, 2, 0, 1, 5, 5, 1];875.0;0.0;99.33;532.0;368.0
176;2.0;[6, 5, 0, 4, 2, 7, 4, 5, 7, 7, 3, 6, 7, 5, 1, 7, 0, 4, 4, 1, 1, 5, 3, 7, 2, 0, 1, 5, 5, 1];873.0;0.0;99.33;535.0;365.0
177;2.0;[6, 5, 0, 4, 2, 7, 4, 5, 7, 7, 3, 6, 7, 5, 1, 7, 0, 4, 4, 1, 1, 5, 3, 7, 2, 0, 1, 5, 5, 1];871.0;0.0;99.33;538.0;362.0
178;2.0;[6, 5, 0, 4, 2, 7, 4, 5, 7, 7, 3, 6, 7, 5, 1, 7, 0, 4, 4, 1, 1, 5, 3, 7, 2, 0, 1, 5, 5, 1];869.0;0.0;99.33;541.0;359.0
179;2.0;[6, 5, 0, 4, 2, 7, 4, 5, 7, 7, 3, 6, 7, 5, 1, 7, 0, 4, 4, 1, 1, 5, 3, 7, 2, 0, 1, 5, 5, 1];879.5;0.0;99.33;543.0;357.0
180;2.0;[6, 5, 0, 4, 2, 7, 4, 5, 7, 7, 3, 6, 7, 5, 1, 7, 0, 4, 4, 1, 1, 5, 3, 7, 2, 0, 1, 5, 5, 1];890.0;0.0;99.33;545.0;355.0
181;2.0;[6, 5, 0, 4, 2, 7, 4, 5, 7, 7, 3, 6, 7, 5, 1, 7, 0, 4, 4, 1, 1, 5, 3, 7, 2, 0, 1, 5, 5, 1];888.0;0.0;99.33;548.0;352.0
182;2.0;[6, 5, 0, 4, 2, 7, 4, 5, 7, 7, 3, 6, 7, 5, 1, 7, 0, 4, 4, 1, 1, 5, 3, 7, 2, 0, 1, 5, 5, 1];886.0;0.0;99.33;551.0;349.0
183;2.0;[6, 5, 0, 4, 2, 7, 4, 5, 7, 7, 3, 6, 7, 5, 1, 7, 0, 4, 4, 1, 1, 5, 3, 7, 2, 0, 1, 5, 5, 1];896.5;0.0;99.33;553.0;347.0
184;2.0;[6, 5, 0, 4, 2, 7, 4, 5, 7, 7, 3, 6, 7, 5, 1, 7, 0, 4, 4, 1, 1, 5, 3, 7, 2, 0, 1, 5, 5, 1];894.5;0.0;99.33;556.0;344.0
185;2.0;[6, 5, 0, 4, 2, 7, 4, 5, 7, 7, 3, 6, 7, 5, 1, 7, 0, 4, 4, 1, 1, 5, 3, 7, 2, 0, 1, 5, 5, 1];892.5;0.0;99.33;559.0;341.0
186;2.0;[6, 5, 0, 4, 2, 7, 4, 5, 7, 7, 3, 6, 7, 5, 1, 7, 0, 4, 4, 1, 1, 5, 3, 7, 2, 0, 1, 5, 5, 1];890.5;0.0;99.33;562.0;338.0
187;2.0;[6, 5, 0, 4, 2, 7, 4, 5, 7, 7, 3, 6, 7, 5, 1, 7, 0, 4, 4, 1, 1, 5, 3, 7, 2, 0, 1, 5, 5, 1];888.5;0.0;99.33;565.0;335.0
188;2.0;[6, 5, 0, 4, 2, 7, 4, 5, 7, 7, 3, 6, 7, 5, 1, 7, 0, 4, 4, 1, 1, 5, 3, 7, 2, 0, 1, 5, 5, 1];886.5;0.0;99.33;568.0;332.0
189;2.0;[6, 5, 0, 4, 2, 7, 4, 5, 7, 7, 3, 6, 7, 5, 1, 7, 0, 4, 4, 1, 1, 5, 3, 7, 2, 0, 1, 5, 5, 1];897.0;0.0;99.33;570.0;330.0
190;2.0;[6, 5, 0, 4, 2, 7, 4, 5, 7, 7, 3, 6, 7, 5, 1, 7, 0, 4, 4, 1, 1, 5, 3, 7, 2, 0, 1, 5, 5, 1];907.5;0.0;99.33;572.0;328.0
191;2.0;[6, 5, 0, 4, 2, 7, 4, 5, 7, 7, 3, 6, 7, 5, 1, 7, 0, 4, 4, 1, 1, 5, 3, 7, 2, 0, 1, 5, 5, 1];918.0;0.0;99.33;574.0;326.0
192;2.0;[6, 5, 0, 4, 2, 7, 4, 5, 7, 7, 3, 6, 7, 5, 1, 7, 0, 4, 4, 1, 1, 5, 3, 7, 2, 0, 1, 5, 5, 1];928.5;0.0;99.33;576.0;324.0
193;2.0;[6, 5, 0, 4, 2, 7, 4, 5, 7, 7, 3, 6, 7, 5, 1, 7, 0, 4, 4, 1, 1, 5, 3, 7, 2, 0, 1, 5, 5, 1];951.5;0.0;99.33;577.0;323.0
194;2.0;[6, 5, 0, 4, 2, 7, 4, 5, 7, 7, 3, 6, 7, 5, 1, 7, 0, 4, 4, 1, 1, 5, 3, 7, 2, 0, 1, 5, 5, 1];962.0;0.0;99.33;579.0;321.0
195;2.0;[6, 5, 0, 4, 2, 7, 4, 5, 7, 7, 3, 6, 7, 5, 1, 7, 0, 4, 4, 1, 1, 5, 3, 7, 2, 0, 1, 5, 5, 1];972.5;0.0;99.33;581.0;319.0
196;2.0;[6, 5, 0, 4, 2, 7, 4, 5, 7, 7, 3, 6, 7, 5, 1, 7, 0, 4, 4, 1, 1, 5, 3, 7, 2, 0, 1, 5, 5, 1];995.5;0.0;99.33;582.0;318.0
197;2.0;[6, 5, 0, 4, 2, 7, 4, 5, 7, 7, 3, 6, 7, 5, 1, 7, 0, 4, 4, 1, 1, 5, 3, 7, 2, 0, 1, 5, 5, 1];993.5;0.0;99.33;585.0;315.0
198;2.0;[6, 5, 0, 4, 2, 7, 4, 5, 7, 7, 3, 6, 7, 5, 1, 7, 0, 4, 4, 1, 1, 5, 3, 7, 2, 0, 1, 5, 5, 1];991.5;0.0;99.33;588.0;312.0
199;2.0;[6, 5, 0, 4, 2, 7, 4, 5, 7, 7, 3, 6, 7, 5, 1, 7, 0, 4, 4, 1, 1, 5, 3, 7, 2, 0, 1, 5, 5, 1];989.5;0.0;99.33;591.0;309.0
200;2.0;[6, 5, 0, 4, 2, 7, 4, 5, 7, 7, 3, 6, 7, 5, 1, 7, 0, 4, 4, 1, 1, 5, 3, 7, 2, 0, 1, 5, 5, 1];992.5;0.0;99.33;593.0;307.0
201;2.0;[6, 5, 0, 4, 2, 7, 4, 5, 7, 7, 3, 6, 7, 5, 1, 7, 0, 4, 4, 1, 1, 5, 3, 7, 2, 0, 1, 5, 5, 1];1003.0;0.0;99.33;595.0;305.0
202;2.0;[6, 5, 0, 4, 2, 7, 4, 5, 7, 7, 3, 6, 7, 5, 1, 7, 0, 4, 4, 1, 1, 5, 3, 7, 2, 0, 1, 5, 5, 1];1013.5;0.0;99.33;597.0;303.0
203;2.0;[6, 5, 0, 4, 2, 7, 4, 5, 7, 7, 3, 6, 7, 5, 1, 7, 0, 4, 4, 1, 1, 5, 3, 7, 2, 0, 1, 5, 5, 1];1011.5;0.0;99.33;600.0;300.0
204;2.0;[6, 5, 0, 4, 2, 7, 4, 5, 7, 7, 3, 6, 7, 5, 1, 7, 0, 4, 4, 1, 1, 5, 3, 7, 2, 0, 1, 5, 5, 1];1009.5;0.0;99.33;603.0;297.0
205;2.0;[6, 5, 0, 4, 2, 7, 4, 5, 7, 7, 3, 6, 7, 5, 1, 7, 0, 4, 4, 1, 1, 5, 3, 7, 2, 0, 1, 5, 5, 1];1032.5;0.0;99.33;604.0;296.0
206;2.0;[6, 5, 0, 4, 2, 7, 4, 5, 7, 7, 3, 6, 7, 5, 1, 7, 0, 4, 4, 1, 1, 5, 3, 7, 2, 0, 1, 5, 5, 1];1030.5;0.0;99.33;607.0;293.0
207;2.0;[6, 5, 0, 4, 2, 7, 4, 5, 7, 7, 3, 6, 7, 5, 1, 7, 0, 4, 4, 1, 1, 5, 3, 7, 2, 0, 1, 5, 5, 1];1028.5;0.0;99.33;610.0;290.0
208;2.0;[6, 5, 0, 4, 2, 7, 4, 5, 7, 7, 3, 6, 7, 5, 1, 7, 0, 4, 4, 1, 1, 5, 3, 7, 2, 0, 1, 5, 5, 1];1026.5;0.0;99.33;613.0;287.0
209;2.0;[6, 5, 0, 4, 2, 7, 4, 5, 7, 7, 3, 6, 7, 5, 1, 7, 0, 4, 4, 1, 1, 5, 3, 7, 2, 0, 1, 5, 5, 1];1024.5;0.0;99.33;616.0;284.0
210;2.0;[6, 5, 0, 4, 2, 7, 4, 5, 7, 7, 3, 6, 7, 5, 1, 7, 0, 4, 4, 1, 1, 5, 3, 7, 2, 0, 1, 5, 5, 1];1035.0;0.0;99.33;618.0;282.0
211;2.0;[6, 5, 0, 4, 2, 7, 4, 5, 7, 7, 3, 6, 7, 5, 1, 7, 0, 4, 4, 1, 1, 5, 3, 7, 2, 0, 1, 5, 5, 1];1058.0;0.0;99.33;619.0;281.0
212;2.0;[6, 5, 0, 4, 2, 7, 4, 5, 7, 7, 3, 6, 7, 5, 1, 7, 0, 4, 4, 1, 1, 5, 3, 7, 2, 0, 1, 5, 5, 1];1068.5;0.0;99.33;621.0;279.0
213;2.0;[6, 5, 0, 4, 2, 7, 4, 5, 7, 7, 3, 6, 7, 5, 1, 7, 0, 4, 4, 1, 1, 5, 3, 7, 2, 0, 1, 5, 5, 1];1079.0;0.0;99.33;623.0;277.0
214;2.0;[6, 5, 0, 4, 2, 7, 4, 5, 7, 7, 3, 6, 7, 5, 1, 7, 0, 4, 4, 1, 1, 5, 3, 7, 2, 0, 1, 5, 5, 1];1077.0;0.0;99.33;626.0;274.0
215;2.0;[6, 5, 0, 4, 2, 7, 4, 5, 7, 7, 3, 6, 7, 5, 1, 7, 0, 4, 4, 1, 1, 5, 3, 7, 2, 0, 1, 5, 5, 1];1075.0;0.0;99.33;629.0;271.0
0;15.0;[2, 2, 7, 1, 7, 6, 0, 3, 0, 1, 0, 4, 2, 7, 4, 2, 6, 4, 3, 1, 4, 7, 3, 7, 6, 2, 4, 1, 0, 0];100.0;0.0;0.0;100.0;800.0
1;16.0;[2, 2, 7, 1, 7, 6, 0, 3, 0, 1, 0, 4, 2, 7, 4, 2, 6, 4, 3, 1, 4, 7, 3, 7, 6, 2, 4, 1, 0, 0];93.13;0.13;0.0;101.0;799.0
2;16.0;[2, 2, 7, 1, 7, 6, 0, 3, 0, 1, 0, 4, 2, 7, 4, 2, 6, 4, 3, 1, 4, 7, 3, 7, 6, 2, 4, 1, 0, 0];91.44;0.13;0.0;102.0;798.0
3;16.0;[2, 2, 7, 1, 7, 6, 0, 3, 0, 1, 0, 4, 2, 7, 4, 2, 6, 4, 3, 1, 4, 7, 3, 7, 6, 2, 4, 1, 0, 0];88.88;0.13;0.0;104.0;796.0
4;16.0;[2, 2, 7, 1, 7, 6, 0, 3, 0, 1, 0, 4, 2, 7, 4, 2, 6, 4, 3, 1, 4, 7, 3, 7, 6, 2, 4, 1, 0, 0];88.13;0.13;0.0;105.0;795.0
5;16.0;[2, 2, 7, 1, 7, 6, 0, 3, 0, 1, 0, 4, 2, 7, 4, 2, 6, 4, 3, 1, 4, 7, 3, 7, 6, 2, 4, 1, 0, 0];86.31;0.13;0.0;106.0;794.0
6;16.0;[2, 2, 7, 1, 7, 6, 0, 3, 0, 1, 0, 4, 2, 7, 4, 2, 6, 4, 3, 1, 4, 7, 3, 7, 6, 2, 4, 1, 0, 0];83.06;0.13;0.0;108.0;792.0
7;16.0;[2, 2, 7, 1, 7, 6, 0, 3, 0, 1, 0, 4, 2, 7, 4, 2, 6, 4, 3, 1, 4, 7, 3, 7, 6, 2, 4, 1, 0, 0];79.81;0.13;0.0;110.0;790.0
8;15.0;[2, 2, 7, 1, 7, 6, 0, 3, 0, 1, 0, 4, 2, 7, 4, 2, 6, 4, 3, 1, 4, 7, 3, 7, 6, 2, 4, 1, 0, 0];83.07;0.13;14.0;112.0;788.0
9;14.0;[2, 2, 7, 1, 7, 6, 0, 3, 0, 1, 0, 4, 2, 7, 4, 2, 6, 4, 3, 1, 4, 7, 3, 7, 6, 2, 4, 1, 0, 0];86.36;0.14;15.5;115.0;785.0
10;14.0;[2, 2, 7, 1, 7, 6, 0, 3, 0, 1, 0, 4, 2, 7, 4, 2, 6, 4, 3, 1, 4, 7, 3, 7, 6, 2, 4, 1, 0, 0];86.14;0.14;15.5;117.0;783.0
11;12.0;[0, 5, 1, 2, 7, 4, 2, 4, 1, 2, 0, 0, 0, 5, 4, 3, 3, 1, 6, 7, 5, 2, 3, 3, 1, 1, 1, 7, 2, 1];100.58;0.0;17.75;119.0;781.0
12;12.0;[0, 5, 1, 2, 7, 4, 2, 4, 1, 2, 0, 0, 0, 5, 4, 3, 3, 1, 6, 7, 5, 2, 3, 3, 1, 1, 1, 7, 2, 1];100.67;0.0;17.75;121.0;779.0
13;12.0;[3, 4, 2, 6, 6, 2, 4, 5, 4, 5, 2, 5, 7, 4, 5, 0, 6, 5, 7, 5, 4, 4, 4, 6, 3, 0, 1, 4, 3, 4];100.75;0.0;17.75;123.0;777.0
14;12.0;[3, 4, 2, 6, 6, 2, 4, 5, 4, 5, 2, 5, 7, 4, 5, 0, 6, 5, 7, 5, 4, 4, 4, 6, 3, 0, 1, 4, 3, 4];98.75;0.0;17.75;126.0;774.0
15;12.0;[0, 5, 1, 2, 7, 4, 2, 4, 1, 2, 0, 0, 0, 5, 4, 3, 3, 1, 6, 7, 5, 2, 3, 3, 1, 1, 1, 7, 2, 1];98.83;0.0;17.75;128.0;772.0
16;12.0;[0, 5, 1, 2, 7, 4, 2, 4, 1, 2, 0, 0, 0, 5, 4, 3, 3, 1, 6, 7, 5, 2, 3, 3, 1, 1, 1, 7, 2, 1];95.58;0.0;17.75;131.0;769.0
17;12.0;[0, 5, 1, 2, 7, 4, 2, 4, 1, 2, 0, 0, 0, 5, 4, 3, 3, 1, 6, 7, 5, 2, 3, 3, 1, 1, 1, 7, 2, 1];92.33;0.0;17.75;134.0;766.0
18;11.0;[3, 4, 2, 6, 6, 2, 4, 5, 4, 5, 2, 5, 7, 4, 5, 0, 6, 5, 7, 5, 4, 4, 4, 6, 3, 0, 1, 4, 3, 4];99.55;0.0;21.0;137.0;763.0
19;10.0;[3, 4, 2, 6, 6, 2, 4, 5, 4, 5, 2, 5, 7, 4, 5, 0, 6, 5, 7, 5, 4, 4, 4, 6, 3, 0, 1, 4, 3, 4];110.1;0.0;23.5;139.0;761.0
20;10.0;[3, 4, 2, 6, 6, 2, 4, 5, 4, 5, 2, 5, 7, 4, 5, 0, 6, 5, 7, 5, 4, 4, 4, 6, 3, 0, 1, 4, 3, 4];108.1;0.0;23.5;142.0;758.0
21;10.0;[0, 5, 1, 2, 7, 4, 2, 4, 1, 2, 0, 0, 0, 5, 4, 3, 3, 1, 6, 7, 5, 2, 3, 3, 1, 1, 1, 7, 2, 1];108.6;0.0;23.5;144.0;756.0
22;10.0;[0, 5, 1, 2, 7, 4, 2, 4, 1, 2, 0, 0, 0, 5, 4, 3, 3, 1, 6, 7, 5, 2, 3, 3, 1, 1, 1, 7, 2, 1];109.1;0.0;23.5;146.0;754.0
23;10.0;[0, 5, 1, 2, 7, 4, 2, 4, 1, 2, 0, 0, 0, 5, 4, 3, 3, 1, 6, 7, 5, 2, 3, 3, 1, 1, 1, 7, 2, 1];109.6;0.0;23.5;148.0;752.0
24;10.0;[0, 5, 1, 2, 7, 4, 2, 4, 1, 2, 0, 0, 0, 5, 4, 3, 3, 1, 6, 7, 5, 2, 3, 3, 1, 1, 1, 7, 2, 1];107.6;0.0;23.5;151.0;749.0
25;10.0;[3, 4, 2, 6, 6, 2, 4, 5, 4, 5, 2, 5, 7, 4, 5, 0, 6, 5, 7, 5, 4, 4, 4, 6, 3, 0, 1, 4, 3, 4];113.1;0.0;23.5;151.0;749.0
26;10.0;[3, 4, 2, 6, 6, 2, 4, 5, 4, 5, 2, 5, 7, 4, 5, 0, 6, 5, 7, 5, 4, 4, 4, 6, 3, 0, 1, 4, 3, 4];111.1;0.0;23.5;154.0;746.0
27;10.0;[3, 4, 2, 6, 6, 2, 4, 5, 4, 5, 2, 5, 7, 4, 5, 0, 6, 5, 7, 5, 4, 4, 4, 6, 3, 0, 1, 4, 3, 4];114.1;0.0;23.5;155.0;745.0
28;10.0;[3, 4, 2, 6, 6, 2, 4, 5, 4, 5, 2, 5, 7, 4, 5, 0, 6, 5, 7, 5, 4, 4, 4, 6, 3, 0, 1, 4, 3, 4];114.4;0.0;23.5;157.0;743.0
29;10.0;[3, 4, 2, 6, 6, 2, 4, 5, 4, 5, 2, 5, 7, 4, 5, 0, 6, 5, 7, 5, 4, 4, 4, 6, 3, 0, 1, 4, 3, 4];114.9;0.0;23.5;159.0;741.0
30;10.0;[3, 4, 2, 6, 6, 2, 4, 5, 4, 5, 2, 5, 7, 4, 5, 0, 6, 5, 7, 5, 4, 4, 4, 6, 3, 0, 1, 4, 3, 4];115.4;0.0;23.5;161.0;739.0
31;10.0;[3, 4, 2, 6, 6, 2, 4, 5, 4, 5, 2, 5, 7, 4, 5, 0, 6, 5, 7, 5, 4, 4, 4, 6, 3, 0, 1, 4, 3, 4];113.4;0.0;23.5;164.0;736.0
32;10.0;[3, 4, 2, 6, 6, 2, 4, 5, 4, 5, 2, 5, 7, 4, 5, 0, 6, 5, 7, 5, 4, 4, 4, 6, 3, 0, 1, 4, 3, 4];113.9;0.0;23.5;166.0;734.0
33;10.0;[3, 4, 2, 6, 6, 2, 4, 5, 4, 5, 2, 5, 7, 4, 5, 0, 6, 5, 7, 5, 4, 4, 4, 6, 3, 0, 1, 4, 3, 4];116.9;0.0;23.5;167.0;733.0
34;10.0;[3, 4, 2, 6, 6, 2, 4, 5, 4, 5, 2, 5, 7, 4, 5, 0, 6, 5, 7, 5, 4, 4, 4, 6, 3, 0, 1, 4, 3, 4];122.4;0.0;23.5;167.0;733.0
35;10.0;[3, 4, 2, 6, 6, 2, 4, 5, 4, 5, 2, 5, 7, 4, 5, 0, 6, 5, 7, 5, 4, 4, 4, 6, 3, 0, 1, 4, 3, 4];122.9;0.0;23.5;169.0;731.0
36;10.0;[3, 4, 2, 6, 6, 2, 4, 5, 4, 5, 2, 5, 7, 4, 5, 0, 6, 5, 7, 5, 4, 4, 4, 6, 3, 0, 1, 4, 3, 4];125.9;0.0;23.5;170.0;730.0
37;10.0;[3, 4, 2, 6, 6, 2, 4, 5, 4, 5, 2, 5, 7, 4, 5, 0, 6, 5, 7, 5, 4, 4, 4, 6, 3, 0, 1, 4, 3, 4];131.4;0.0;23.5;170.0;730.0
38;10.0;[3, 4, 2, 6, 6, 2, 4, 5, 4, 5, 2, 5, 7, 4, 5, 0, 6, 5, 7, 5, 4, 4, 4, 6, 3, 0, 1, 4, 3, 4];131.9;0.0;23.5;172.0;728.0
39;10.0;[3, 4, 2, 6, 6, 2, 4, 5, 4, 5, 2, 5, 7, 4, 5, 0, 6, 5, 7, 5, 4, 4, 4, 6, 3, 0, 1, 4, 3, 4];137.4;0.0;23.5;172.0;728.0
40;10.0;[3, 4, 2, 6, 6, 2, 4, 5, 4, 5, 2, 5, 7, 4, 5, 0, 6, 5, 7, 5, 4, 4, 4, 6, 3, 0, 1, 4, 3, 4];142.9;0.0;23.5;172.0;728.0
41;10.0;[3, 4, 2, 6, 6, 2, 4, 5, 4, 5, 2, 5, 7, 4, 5, 0, 6, 5, 7, 5, 4, 4, 4, 6, 3, 0, 1, 4, 3, 4];143.4;0.0;23.5;174.0;726.0
42;10.0;[3, 4, 2, 6, 6, 2, 4, 5, 4, 5, 2, 5, 7, 4, 5, 0, 6, 5, 7, 5, 4, 4, 4, 6, 3, 0, 1, 4, 3, 4];143.9;0.0;23.5;176.0;724.0
43;10.0;[3, 4, 2, 6, 6, 2, 4, 5, 4, 5, 2, 5, 7, 4, 5, 0, 6, 5, 7, 5, 4, 4, 4, 6, 3, 0, 1, 4, 3, 4];146.9;0.0;23.5;177.0;723.0
44;10.0;[3, 4, 2, 6, 6, 2, 4, 5, 4, 5, 2, 5, 7, 4, 5, 0, 6, 5, 7, 5, 4, 4, 4, 6, 3, 0, 1, 4, 3, 4];147.4;0.0;23.5;179.0;721.0
45;10.0;[3, 4, 2, 6, 6, 2, 4, 5, 4, 5, 2, 5, 7, 4, 5, 0, 6, 5, 7, 5, 4, 4, 4, 6, 3, 0, 1, 4, 3, 4];147.9;0.0;23.5;181.0;719.0
46;10.0;[3, 4, 2, 6, 6, 2, 4, 5, 4, 5, 2, 5, 7, 4, 5, 0, 6, 5, 7, 5, 4, 4, 4, 6, 3, 0, 1, 4, 3, 4];148.4;0.0;23.5;183.0;717.0
47;10.0;[3, 4, 2, 6, 6, 2, 4, 5, 4, 5, 2, 5, 7, 4, 5, 0, 6, 5, 7, 5, 4, 4, 4, 6, 3, 0, 1, 4, 3, 4];151.4;0.0;23.5;184.0;716.0
48;10.0;[3, 4, 2, 6, 6, 2, 4, 5, 4, 5, 2, 5, 7, 4, 5, 0, 6, 5, 7, 5, 4, 4, 4, 6, 3, 0, 1, 4, 3, 4];149.4;0.0;23.5;187.0;713.0
49;9.0;[0, 5, 1, 2, 7, 4, 2, 4, 1, 2, 0, 0, 0, 5, 4, 3, 3, 1, 6, 7, 5, 2, 3, 3, 1, 1, 1, 7, 2, 1];169.56;0.0;34.14;188.0;712.0
50;9.0;[0, 5, 1, 2, 7, 4, 2, 4, 1, 2, 0, 0, 0, 5, 4, 3, 3, 1, 6, 7, 5, 2, 3, 3, 1, 1, 1, 7, 2, 1];173.11;0.0;34.14;189.0;711.0
51;8.0;[0, 5, 1, 2, 7, 4, 2, 4, 1, 2, 0, 0, 0, 5, 4, 3, 3, 1, 6, 7, 5, 2, 3, 3, 1, 1, 1, 7, 2, 1];195.88;0.0;42.38;191.0;709.0
52;8.0;[0, 5, 1, 2, 7, 4, 2, 4, 1, 2, 0, 0, 0, 5, 4, 3, 3, 1, 6, 7, 5, 2, 3, 3, 1, 1, 1, 7, 2, 1];203.25;0.0;42.38;191.0;709.0
53;9.0;[0, 5, 1, 2, 7, 4, 2, 4, 1, 2, 0, 0, 0, 5, 4, 3, 3, 1, 6, 7, 5, 2, 3, 3, 1, 1, 1, 7, 2, 1];181.44;0.22;42.38;193.0;707.0
54;9.0;[0, 5, 1, 2, 7, 4, 2, 4, 1, 2, 0, 0, 0, 5, 4, 3, 3, 1, 6, 7, 5, 2, 3, 3, 1, 1, 1, 7, 2, 1];187.56;0.22;42.38;193.0;707.0
55;9.0;[0, 5, 1, 2, 7, 4, 2, 4, 1, 2, 0, 0, 0, 5, 4, 3, 3, 1, 6, 7, 5, 2, 3, 3, 1, 1, 1, 7, 2, 1];193.67;0.22;42.38;193.0;707.0
56;9.0;[0, 5, 1, 2, 7, 4, 2, 4, 1, 2, 0, 0, 0, 5, 4, 3, 3, 1, 6, 7, 5, 2, 3, 3, 1, 1, 1, 7, 2, 1];200.0;0.22;42.38;193.0;707.0
57;9.0;[0, 5, 1, 2, 7, 4, 2, 4, 1, 2, 0, 0, 0, 5, 4, 3, 3, 1, 6, 7, 5, 2, 3, 3, 1, 1, 1, 7, 2, 1];203.56;0.22;42.38;194.0;706.0
58;9.0;[0, 5, 1, 2, 7, 4, 2, 4, 1, 2, 0, 0, 0, 5, 4, 3, 3, 1, 6, 7, 5, 2, 3, 3, 1, 1, 1, 7, 2, 1];207.11;0.22;42.38;195.0;705.0
59;9.0;[0, 5, 1, 2, 7, 4, 2, 4, 1, 2, 0, 0, 0, 5, 4, 3, 3, 1, 6, 7, 5, 2, 3, 3, 1, 1, 1, 7, 2, 1];210.67;0.22;42.38;196.0;704.0
60;9.0;[0, 5, 1, 2, 7, 4, 2, 4, 1, 2, 0, 0, 0, 5, 4, 3, 3, 1, 6, 7, 5, 2, 3, 3, 1, 1, 1, 7, 2, 1];214.22;0.22;42.38;197.0;703.0
61;9.0;[0, 5, 1, 2, 7, 4, 2, 4, 1, 2, 0, 0, 0, 5, 4, 3, 3, 1, 6, 7, 5, 2, 3, 3, 1, 1, 1, 7, 2, 1];215.0;0.22;42.38;199.0;701.0
62;9.0;[0, 5, 1, 2, 7, 4, 2, 4, 1, 2, 0, 0, 0, 5, 4, 3, 3, 1, 6, 7, 5, 2, 3, 3, 1, 1, 1, 7, 2, 1];218.56;0.22;42.38;200.0;700.0
63;9.0;[0, 5, 1, 2, 7, 4, 2, 4, 1, 2, 0, 0, 0, 5, 4, 3, 3, 1, 6, 7, 5, 2, 3, 3, 1, 1, 1, 7, 2, 1];222.11;0.22;42.38;201.0;699.0
64;9.0;[0, 5, 1, 2, 7, 4, 2, 4, 1, 2, 0, 0, 0, 5, 4, 3, 3, 1, 6, 7, 5, 2, 3, 3, 1, 1, 1, 7, 2, 1];225.67;0.22;42.38;202.0;698.0
65;9.0;[0, 5, 1, 2, 7, 4, 2, 4, 1, 2, 0, 0, 0, 5, 4, 3, 3, 1, 6, 7, 5, 2, 3, 3, 1, 1, 1, 7, 2, 1];232.0;0.22;42.38;202.0;698.0
66;9.0;[0, 5, 1, 2, 7, 4, 2, 4, 1, 2, 0, 0, 0, 5, 4, 3, 3, 1, 6, 7, 5, 2, 3, 3, 1, 1, 1, 7, 2, 1];235.56;0.22;42.38;203.0;697.0
67;9.0;[0, 5, 1, 2, 7, 4, 2, 4, 1, 2, 0, 0, 0, 5, 4, 3, 3, 1, 6, 7, 5, 2, 3, 3, 1, 1, 1, 7, 2, 1];241.89;0.22;42.38;203.0;697.0
68;9.0;[0, 5, 1, 2, 7, 4, 2, 4, 1, 2, 0, 0, 0, 5, 4, 3, 3, 1, 6, 7, 5, 2, 3, 3, 1, 1, 1, 7, 2, 1];245.44;0.22;42.38;204.0;696.0
69;9.0;[0, 5, 1, 2, 7, 4, 2, 4, 1, 2, 0, 0, 0, 5, 4, 3, 3, 1, 6, 7, 5, 2, 3, 3, 1, 1, 1, 7, 2, 1];246.22;0.22;42.38;206.0;694.0
70;9.0;[0, 5, 1, 2, 7, 4, 2, 4, 1, 2, 0, 0, 0, 5, 4, 3, 3, 1, 6, 7, 5, 2, 3, 3, 1, 1, 1, 7, 2, 1];255.33;0.22;42.38;205.0;695.0
71;9.0;[0, 5, 1, 2, 7, 4, 2, 4, 1, 2, 0, 0, 0, 5, 4, 3, 3, 1, 6, 7, 5, 2, 3, 3, 1, 1, 1, 7, 2, 1];261.67;0.22;42.38;205.0;695.0
72;9.0;[0, 5, 1, 2, 7, 4, 2, 4, 1, 2, 0, 0, 0, 5, 4, 3, 3, 1, 6, 7, 5, 2, 3, 3, 1, 1, 1, 7, 2, 1];265.22;0.22;42.38;206.0;694.0
73;9.0;[0, 5, 1, 2, 7, 4, 2, 4, 1, 2, 0, 0, 0, 5, 4, 3, 3, 1, 6, 7, 5, 2, 3, 3, 1, 1, 1, 7, 2, 1];268.78;0.22;42.38;207.0;693.0
74;9.0;[0, 5, 1, 2, 7, 4, 2, 4, 1, 2, 0, 0, 0, 5, 4, 3, 3, 1, 6, 7, 5, 2, 3, 3, 1, 1, 1, 7, 2, 1];272.33;0.22;42.38;208.0;692.0
75;9.0;[0, 5, 1, 2, 7, 4, 2, 4, 1, 2, 0, 0, 0, 5, 4, 3, 3, 1, 6, 7, 5, 2, 3, 3, 1, 1, 1, 7, 2, 1];275.89;0.22;42.38;209.0;691.0
76;9.0;[0, 5, 1, 2, 7, 4, 2, 4, 1, 2, 0, 0, 0, 5, 4, 3, 3, 1, 6, 7, 5, 2, 3, 3, 1, 1, 1, 7, 2, 1];276.67;0.22;42.38;211.0;689.0
77;9.0;[0, 5, 1, 2, 7, 4, 2, 4, 1, 2, 0, 0, 0, 5, 4, 3, 3, 1, 6, 7, 5, 2, 3, 3, 1, 1, 1, 7, 2, 1];274.67;0.22;42.38;214.0;686.0
78;9.0;[0, 5, 1, 2, 7, 4, 2, 4, 1, 2, 0, 0, 0, 5, 4, 3, 3, 1, 6, 7, 5, 2, 3, 3, 1, 1, 1, 7, 2, 1];272.67;0.22;42.38;217.0;683.0
79;9.0;[0, 5, 1, 2, 7, 4, 2, 4, 1, 2, 0, 0, 0, 5, 4, 3, 3, 1, 6, 7, 5, 2, 3, 3, 1, 1, 1, 7, 2, 1];273.44;0.22;42.38;219.0;681.0
80;9.0;[0, 5, 1, 2, 7, 4, 2, 4, 1, 2, 0, 0, 0, 5, 4, 3, 3, 1, 6, 7, 5, 2, 3, 3, 1, 1, 1, 7, 2, 1];274.22;0.22;42.38;221.0;679.0
81;9.0;[0, 5, 1, 2, 7, 4, 2, 4, 1, 2, 0, 0, 0, 5, 4, 3, 3, 1, 6, 7, 5, 2, 3, 3, 1, 1, 1, 7, 2, 1];272.22;0.22;42.38;224.0;676.0
82;9.0;[0, 5, 1, 2, 7, 4, 2, 4, 1, 2, 0, 0, 0, 5, 4, 3, 3, 1, 6, 7, 5, 2, 3, 3, 1, 1, 1, 7, 2, 1];273.0;0.22;42.38;226.0;674.0
83;9.0;[0, 5, 1, 2, 7, 4, 2, 4, 1, 2, 0, 0, 0, 5, 4, 3, 3, 1, 6, 7, 5, 2, 3, 3, 1, 1, 1, 7, 2, 1];273.78;0.22;42.38;228.0;672.0
84;9.0;[0, 5, 1, 2, 7, 4, 2, 4, 1, 2, 0, 0, 0, 5, 4, 3, 3, 1, 6, 7, 5, 2, 3, 3, 1, 1, 1, 7, 2, 1];274.56;0.22;42.38;230.0;670.0
85;9.0;[0, 5, 1, 2, 7, 4, 2, 4, 1, 2, 0, 0, 0, 5, 4, 3, 3, 1, 6, 7, 5, 2, 3, 3, 1, 1, 1, 7, 2, 1];272.56;0.22;42.38;233.0;667.0
86;9.0;[0, 5, 1, 2, 7, 4, 2, 4, 1, 2, 0, 0, 0, 5, 4, 3, 3, 1, 6, 7, 5, 2, 3, 3, 1, 1, 1, 7, 2, 1];270.56;0.22;42.38;236.0;664.0
87;9.0;[0, 5, 1, 2, 7, 4, 2, 4, 1, 2, 0, 0, 0, 5, 4, 3, 3, 1, 6, 7, 5, 2, 3, 3, 1, 1, 1, 7, 2, 1];268.56;0.22;42.38;239.0;661.0
88;9.0;[0, 5, 1, 2, 7, 4, 2, 4, 1, 2, 0, 0, 0, 5, 4, 3, 3, 1, 6, 7, 5, 2, 3, 3, 1, 1, 1, 7, 2, 1];266.56;0.22;42.38;242.0;658.0
89;9.0;[0, 5, 1, 2, 7, 4, 2, 4, 1, 2, 0, 0, 0, 5, 4, 3, 3, 1, 6, 7, 5, 2, 3, 3, 1, 1, 1, 7, 2, 1];267.33;0.22;42.38;244.0;656.0
90;9.0;[0, 5, 1, 2, 7, 4, 2, 4, 1, 2, 0, 0, 0, 5, 4, 3, 3, 1, 6, 7, 5, 2, 3, 3, 1, 1, 1, 7, 2, 1];265.33;0.22;42.38;247.0;653.0
91;9.0;[0, 5, 1, 2, 7, 4, 2, 4, 1, 2, 0, 0, 0, 5, 4, 3, 3, 1, 6, 7, 5, 2, 3, 3, 1, 1, 1, 7, 2, 1];266.11;0.22;42.38;249.0;651.0
92;9.0;[0, 5, 1, 2, 7, 4, 2, 4, 1, 2, 0, 0, 0, 5, 4, 3, 3, 1, 6, 7, 5, 2, 3, 3, 1, 1, 1, 7, 2, 1];269.67;0.22;42.38;250.0;650.0
93;9.0;[0, 5, 1, 2, 7, 4, 2, 4, 1, 2, 0, 0, 0, 5, 4, 3, 3, 1, 6, 7, 5, 2, 3, 3, 1, 1, 1, 7, 2, 1];267.67;0.22;42.38;253.0;647.0
94;9.0;[0, 5, 1, 2, 7, 4, 2, 4, 1, 2, 0, 0, 0, 5, 4, 3, 3, 1, 6, 7, 5, 2, 3, 3, 1, 1, 1, 7, 2, 1];265.44;0.22;42.38;256.0;644.0
95;9.0;[0, 5, 1, 2, 7, 4, 2, 4, 1, 2, 0, 0, 0, 5, 4, 3, 3, 1, 6, 7, 5, 2, 3, 3, 1, 1, 1, 7, 2, 1];266.22;0.22;42.38;258.0;642.0
96;9.0;[0, 5, 1, 2, 7, 4, 2, 4, 1, 2, 0, 0, 0, 5, 4, 3, 3, 1, 6, 7, 5, 2, 3, 3, 1, 1, 1, 7, 2, 1];269.78;0.22;42.38;259.0;641.0
97;9.0;[0, 5, 1, 2, 7, 4, 2, 4, 1, 2, 0, 0, 0, 5, 4, 3, 3, 1, 6, 7, 5, 2, 3, 3, 1, 1, 1, 7, 2, 1];267.78;0.22;42.38;262.0;638.0
98;9.0;[0, 5, 1, 2, 7, 4, 2, 4, 1, 2, 0, 0, 0, 5, 4, 3, 3, 1, 6, 7, 5, 2, 3, 3, 1, 1, 1, 7, 2, 1];268.56;0.22;42.38;264.0;636.0
99;9.0;[0, 5, 1, 2, 7, 4, 2, 4, 1, 2, 0, 0, 0, 5, 4, 3, 3, 1, 6, 7, 5, 2, 3, 3, 1, 1, 1, 7, 2, 1];269.33;0.22;42.38;266.0;634.0
100;9.0;[0, 5, 1, 2, 7, 4, 2, 4, 1, 2, 0, 0, 0, 5, 4, 3, 3, 1, 6, 7, 5, 2, 3, 3, 1, 1, 1, 7, 2, 1];272.89;0.22;42.38;267.0;633.0
101;8.0;[0, 5, 1, 2, 7, 4, 2, 4, 1, 2, 0, 0, 0, 5, 4, 3, 3, 1, 6, 7, 5, 2, 3, 3, 1, 1, 1, 7, 2, 1];305.0;0.25;59.89;270.0;630.0
102;8.0;[0, 5, 1, 2, 7, 4, 2, 4, 1, 2, 0, 0, 0, 5, 4, 3, 3, 1, 6, 7, 5, 2, 3, 3, 1, 1, 1, 7, 2, 1];309.25;0.25;59.89;271.0;629.0
103;8.0;[0, 5, 1, 2, 7, 4, 2, 4, 1, 2, 0, 0, 0, 5, 4, 3, 3, 1, 6, 7, 5, 2, 3, 3, 1, 1, 1, 7, 2, 1];310.38;0.25;59.89;273.0;627.0
104;8.0;[0, 5, 1, 2, 7, 4, 2, 4, 1, 2, 0, 0, 0, 5, 4, 3, 3, 1, 6, 7, 5, 2, 3, 3, 1, 1, 1, 7, 2, 1];311.5;0.25;59.89;275.0;625.0
105;8.0;[0, 5, 1, 2, 7, 4, 2, 4, 1, 2, 0, 0, 0, 5, 4, 3, 3, 1, 6, 7, 5, 2, 3, 3, 1, 1, 1, 7, 2, 1];312.63;0.25;59.89;277.0;623.0
106;8.0;[0, 5, 1, 2, 7, 4, 2, 4, 1, 2, 0, 0, 0, 5, 4, 3, 3, 1, 6, 7, 5, 2, 3, 3, 1, 1, 1, 7, 2, 1];313.75;0.25;59.89;279.0;621.0
107;8.0;[0, 5, 1, 2, 7, 4, 2, 4, 1, 2, 0, 0, 0, 5, 4, 3, 3, 1, 6, 7, 5, 2, 3, 3, 1, 1, 1, 7, 2, 1];314.88;0.25;59.89;281.0;619.0
108;8.0;[0, 5, 1, 2, 7, 4, 2, 4, 1, 2, 0, 0, 0, 5, 4, 3, 3, 1, 6, 7, 5, 2, 3, 3, 1, 1, 1, 7, 2, 1];319.13;0.25;59.89;282.0;618.0
109;8.0;[0, 5, 1, 2, 7, 4, 2, 4, 1, 2, 0, 0, 0, 5, 4, 3, 3, 1, 6, 7, 5, 2, 3, 3, 1, 1, 1, 7, 2, 1];323.38;0.25;59.89;283.0;617.0
110;8.0;[0, 5, 1, 2, 7, 4, 2, 4, 1, 2, 0, 0, 0, 5, 4, 3, 3, 1, 6, 7, 5, 2, 3, 3, 1, 1, 1, 7, 2, 1];330.75;0.25;59.89;283.0;617.0
111;8.0;[0, 5, 1, 2, 7, 4, 2, 4, 1, 2, 0, 0, 0, 5, 4, 3, 3, 1, 6, 7, 5, 2, 3, 3, 1, 1, 1, 7, 2, 1];335.0;0.25;59.89;284.0;616.0
112;8.0;[0, 5, 1, 2, 7, 4, 2, 4, 1, 2, 0, 0, 0, 5, 4, 3, 3, 1, 6, 7, 5, 2, 3, 3, 1, 1, 1, 7, 2, 1];342.38;0.25;59.89;284.0;616.0
113;9.0;[0, 4, 1, 0, 1, 3, 2, 3, 1, 2, 6, 3, 3, 5, 0, 6, 3, 3, 7, 7, 0, 3, 4, 2, 5, 3, 5, 3, 4, 3];305.33;0.44;59.89;286.0;614.0
114;9.0;[0, 4, 1, 0, 1, 3, 2, 3, 1, 2, 6, 3, 3, 5, 0, 6, 3, 3, 7, 7, 0, 3, 4, 2, 5, 3, 5, 3, 4, 3];317.22;0.44;59.89;284.0;616.0
115;10.0;[0, 4, 1, 0, 1, 3, 2, 3, 1, 2, 6, 3, 3, 5, 0, 6, 3, 3, 7, 7, 0, 3, 4, 2, 5, 3, 5, 3, 4, 3];288.7;0.6;59.89;285.0;615.0
116;11.0;[0, 4, 1, 0, 1, 3, 2, 3, 1, 2, 6, 3, 3, 5, 0, 6, 3, 3, 7, 7, 0, 3, 4, 2, 5, 3, 5, 3, 4, 3];269.73;0.73;59.89;284.0;616.0
117;11.0;[0, 4, 1, 0, 1, 3, 2, 3, 1, 2, 6, 3, 3, 5, 0, 6, 3, 3, 7, 7, 0, 3, 4, 2, 5, 3, 5, 3, 4, 3];276.82;0.73;59.89;283.0;617.0
118;11.0;[0, 4, 1, 0, 1, 3, 2, 3, 1, 2, 6, 3, 3, 5, 0, 6, 3, 3, 7, 7, 0, 3, 4, 2, 5, 3, 5, 3, 4, 3];283.91;0.73;59.89;282.0;618.0
119;11.0;[0, 4, 1, 0, 1, 3, 2, 3, 1, 2, 6, 3, 3, 5, 0, 6, 3, 3, 7, 7, 0, 3, 4, 2, 5, 3, 5, 3, 4, 3];293.27;0.73;59.89;280.0;620.0
120;11.0;[0, 4, 1, 0, 1, 3, 2, 3, 1, 2, 6, 3, 3, 5, 0, 6, 3, 3, 7, 7, 0, 3, 4, 2, 5, 3, 5, 3, 4, 3];295.82;0.73;59.89;281.0;619.0
121;11.0;[0, 4, 1, 0, 1, 3, 2, 3, 1, 2, 6, 3, 3, 5, 0, 6, 3, 3, 7, 7, 0, 3, 4, 2, 5, 3, 5, 3, 4, 3];307.27;0.73;59.89;278.0;622.0
122;11.0;[0, 4, 1, 0, 1, 3, 2, 3, 1, 2, 6, 3, 3, 5, 0, 6, 3, 3, 7, 7, 0, 3, 4, 2, 5, 3, 5, 3, 4, 3];314.36;0.73;59.89;277.0;623.0
123;11.0;[0, 4, 1, 0, 1, 3, 2, 3, 1, 2, 6, 3, 3, 5, 0, 6, 3, 3, 7, 7, 0, 3, 4, 2, 5, 3, 5, 3, 4, 3];321.27;0.73;59.89;276.0;624.0
124;11.0;[0, 4, 1, 0, 1, 3, 2, 3, 1, 2, 6, 3, 3, 5, 0, 6, 3, 3, 7, 7, 0, 3, 4, 2, 5, 3, 5, 3, 4, 3];328.36;0.73;59.89;275.0;625.0
125;11.0;[0, 4, 1, 0, 1, 3, 2, 3, 1, 2, 6, 3, 3, 5, 0, 6, 3, 3, 7, 7, 0, 3, 4, 2, 5, 3, 5, 3, 4, 3];337.73;0.73;59.89;273.0;627.0
126;11.0;[0, 4, 1, 0, 1, 3, 2, 3, 1, 2, 6, 3, 3, 5, 0, 6, 3, 3, 7, 7, 0, 3, 4, 2, 5, 3, 5, 3, 4, 3];344.82;0.73;59.89;272.0;628.0
127;11.0;[0, 4, 1, 0, 1, 3, 2, 3, 1, 2, 6, 3, 3, 5, 0, 6, 3, 3, 7, 7, 0, 3, 4, 2, 5, 3, 5, 3, 4, 3];351.91;0.73;59.89;271.0;629.0
128;11.0;[0, 4, 1, 0, 1, 3, 2, 3, 1, 2, 6, 3, 3, 5, 0, 6, 3, 3, 7, 7, 0, 3, 4, 2, 5, 3, 5, 3, 4, 3];363.55;0.73;59.89;268.0;632.0
129;11.0;[0, 4, 1, 0, 1, 3, 2, 3, 1, 2, 6, 3, 3, 5, 0, 6, 3, 3, 7, 7, 0, 3, 4, 2, 5, 3, 5, 3, 4, 3];368.18;0.73;59.89;268.0;632.0
130;11.0;[0, 4, 1, 0, 1, 3, 2, 3, 1, 2, 6, 3, 3, 5, 0, 6, 3, 3, 7, 7, 0, 3, 4, 2, 5, 3, 5, 3, 4, 3];377.55;0.73;59.89;266.0;634.0
131;11.0;[0, 4, 1, 0, 1, 3, 2, 3, 1, 2, 6, 3, 3, 5, 0, 6, 3, 3, 7, 7, 0, 3, 4, 2, 5, 3, 5, 3, 4, 3];382.36;0.73;59.89;266.0;634.0
132;11.0;[0, 4, 1, 0, 1, 3, 2, 3, 1, 2, 6, 3, 3, 5, 0, 6, 3, 3, 7, 7, 0, 3, 4, 2, 5, 3, 5, 3, 4, 3];389.45;0.73;59.89;265.0;635.0
133;11.0;[0, 4, 1, 0, 1, 3, 2, 3, 1, 2, 6, 3, 3, 5, 0, 6, 3, 3, 7, 7, 0, 3, 4, 2, 5, 3, 5, 3, 4, 3];401.09;0.73;59.89;262.0;638.0
134;11.0;[0, 4, 1, 0, 1, 3, 2, 3, 1, 2, 6, 3, 3, 5, 0, 6, 3, 3, 7, 7, 0, 3, 4, 2, 5, 3, 5, 3, 4, 3];408.18;0.73;59.89;261.0;639.0
135;11.0;[0, 4, 1, 0, 1, 3, 2, 3, 1, 2, 6, 3, 3, 5, 0, 6, 3, 3, 7, 7, 0, 3, 4, 2, 5, 3, 5, 3, 4, 3];410.73;0.73;59.89;262.0;638.0
136;11.0;[0, 4, 1, 0, 1, 3, 2, 3, 1, 2, 6, 3, 3, 5, 0, 6, 3, 3, 7, 7, 0, 3, 4, 2, 5, 3, 5, 3, 4, 3];415.55;0.73;59.89;262.0;638.0
137;11.0;[0, 4, 1, 0, 1, 3, 2, 3, 1, 2, 6, 3, 3, 5, 0, 6, 3, 3, 7, 7, 0, 3, 4, 2, 5, 3, 5, 3, 4, 3];418.09;0.73;59.89;263.0;637.0
138;10.0;[0, 4, 1, 0, 1, 3, 2, 3, 1, 2, 6, 3, 3, 5, 0, 6, 3, 3, 7, 7, 0, 3, 4, 2, 5, 3, 5, 3, 4, 3];460.5;0.8;81.4;265.0;635.0
139;10.0;[0, 4, 1, 0, 1, 3, 2, 3, 1, 2, 6, 3, 3, 5, 0, 6, 3, 3, 7, 7, 0, 3, 4, 2, 5, 3, 5, 3, 4, 3];468.5;0.8;81.4;264.0;636.0
140;10.0;[0, 4, 1, 0, 1, 3, 2, 3, 1, 2, 6, 3, 3, 5, 0, 6, 3, 3, 7, 7, 0, 3, 4, 2, 5, 3, 5, 3, 4, 3];471.5;0.8;81.4;265.0;635.0
141;10.0;[0, 4, 1, 0, 1, 3, 2, 3, 1, 2, 6, 3, 3, 5, 0, 6, 3, 3, 7, 7, 0, 3, 4, 2, 5, 3, 5, 3, 4, 3];472.0;0.8;81.4;267.0;633.0
142;10.0;[0, 4, 1, 0, 1, 3, 2, 3, 1, 2, 6, 3, 3, 5, 0, 6, 3, 3, 7, 7, 0, 3, 4, 2, 5, 3, 5, 3, 4, 3];470.0;0.8;81.4;270.0;630.0
143;10.0;[0, 4, 1, 0, 1, 3, 2, 3, 1, 2, 6, 3, 3, 5, 0, 6, 3, 3, 7, 7, 0, 3, 4, 2, 5, 3, 5, 3, 4, 3];473.0;0.8;81.4;271.0;629.0
144;10.0;[0, 4, 1, 0, 1, 3, 2, 3, 1, 2, 6, 3, 3, 5, 0, 6, 3, 3, 7, 7, 0, 3, 4, 2, 5, 3, 5, 3, 4, 3];473.5;0.8;81.4;273.0;627.0
145;10.0;[0, 4, 1, 0, 1, 3, 2, 3, 1, 2, 6, 3, 3, 5, 0, 6, 3, 3, 7, 7, 0, 3, 4, 2, 5, 3, 5, 3, 4, 3];471.5;0.8;81.4;276.0;624.0
146;10.0;[0, 4, 1, 0, 1, 3, 2, 3, 1, 2, 6, 3, 3, 5, 0, 6, 3, 3, 7, 7, 0, 3, 4, 2, 5, 3, 5, 3, 4, 3];474.5;0.8;81.4;277.0;623.0
147;10.0;[0, 4, 1, 0, 1, 3, 2, 3, 1, 2, 6, 3, 3, 5, 0, 6, 3, 3, 7, 7, 0, 3, 4, 2, 5, 3, 5, 3, 4, 3];472.5;0.8;81.4;280.0;620.0
148;10.0;[0, 4, 1, 0, 1, 3, 2, 3, 1, 2, 6, 3, 3, 5, 0, 6, 3, 3, 7, 7, 0, 3, 4, 2, 5, 3, 5, 3, 4, 3];470.5;0.8;81.4;283.0;617.0
149;10.0;[0, 4, 1, 0, 1, 3, 2, 3, 1, 2, 6, 3, 3, 5, 0, 6, 3, 3, 7, 7, 0, 3, 4, 2, 5, 3, 5, 3, 4, 3];471.0;0.8;81.4;285.0;615.0
150;10.0;[0, 4, 1, 0, 1, 3, 2, 3, 1, 2, 6, 3, 3, 5, 0, 6, 3, 3, 7, 7, 0, 3, 4, 2, 5, 3, 5, 3, 4, 3];474.0;0.8;81.4;286.0;614.0
151;10.0;[0, 4, 1, 0, 1, 3, 2, 3, 1, 2, 6, 3, 3, 5, 0, 6, 3, 3, 7, 7, 0, 3, 4, 2, 5, 3, 5, 3, 4, 3];472.0;0.8;81.4;289.0;611.0
152;10.0;[0, 4, 1, 0, 1, 3, 2, 3, 1, 2, 6, 3, 3, 5, 0, 6, 3, 3, 7, 7, 0, 3, 4, 2, 5, 3, 5, 3, 4, 3];475.0;0.8;81.4;290.0;610.0
153;10.0;[0, 4, 1, 0, 1, 3, 2, 3, 1, 2, 6, 3, 3, 5, 0, 6, 3, 3, 7, 7, 0, 3, 4, 2, 5, 3, 5, 3, 4, 3];480.5;0.8;81.4;290.0;610.0
154;10.0;[0, 4, 1, 0, 1, 3, 2, 3, 1, 2, 6, 3, 3, 5, 0, 6, 3, 3, 7, 7, 0, 3, 4, 2, 5, 3, 5, 3, 4, 3];481.0;0.8;81.4;292.0;608.0
155;10.0;[0, 4, 1, 0, 1, 3, 2, 3, 1, 2, 6, 3, 3, 5, 0, 6, 3, 3, 7, 7, 0, 3, 4, 2, 5, 3, 5, 3, 4, 3];481.5;0.8;81.4;294.0;606.0
156;10.0;[0, 4, 1, 0, 1, 3, 2, 3, 1, 2, 6, 3, 3, 5, 0, 6, 3, 3, 7, 7, 0, 3, 4, 2, 5, 3, 5, 3, 4, 3];484.5;0.8;81.4;295.0;605.0
157;10.0;[0, 4, 1, 0, 1, 3, 2, 3, 1, 2, 6, 3, 3, 5, 0, 6, 3, 3, 7, 7, 0, 3, 4, 2, 5, 3, 5, 3, 4, 3];490.0;0.8;81.4;295.0;605.0
158;10.0;[0, 4, 1, 0, 1, 3, 2, 3, 1, 2, 6, 3, 3, 5, 0, 6, 3, 3, 7, 7, 0, 3, 4, 2, 5, 3, 5, 3, 4, 3];490.5;0.8;81.4;297.0;603.0
159;10.0;[0, 4, 1, 0, 1, 3, 2, 3, 1, 2, 6, 3, 3, 5, 0, 6, 3, 3, 7, 7, 0, 3, 4, 2, 5, 3, 5, 3, 4, 3];491.0;0.8;81.4;299.0;601.0
160;10.0;[0, 4, 1, 0, 1, 3, 2, 3, 1, 2, 6, 3, 3, 5, 0, 6, 3, 3, 7, 7, 0, 3, 4, 2, 5, 3, 5, 3, 4, 3];494.0;0.8;81.4;300.0;600.0
161;10.0;[0, 4, 1, 0, 1, 3, 2, 3, 1, 2, 6, 3, 3, 5, 0, 6, 3, 3, 7, 7, 0, 3, 4, 2, 5, 3, 5, 3, 4, 3];497.0;0.8;81.4;301.0;599.0
162;10.0;[0, 4, 1, 0, 1, 3, 2, 3, 1, 2, 6, 3, 3, 5, 0, 6, 3, 3, 7, 7, 0, 3, 4, 2, 5, 3, 5, 3, 4, 3];497.5;0.8;81.4;303.0;597.0
163;10.0;[0, 4, 1, 0, 1, 3, 2, 3, 1, 2, 6, 3, 3, 5, 0, 6, 3, 3, 7, 7, 0, 3, 4, 2, 5, 3, 5, 3, 4, 3];505.5;0.8;81.4;302.0;598.0
164;10.0;[0, 4, 1, 0, 1, 3, 2, 3, 1, 2, 6, 3, 3, 5, 0, 6, 3, 3, 7, 7, 0, 3, 4, 2, 5, 3, 5, 3, 4, 3];508.5;0.8;81.4;303.0;597.0
165;10.0;[0, 4, 1, 0, 1, 3, 2, 3, 1, 2, 6, 3, 3, 5, 0, 6, 3, 3, 7, 7, 0, 3, 4, 2, 5, 3, 5, 3, 4, 3];514.0;0.8;81.4;303.0;597.0
166;10.0;[0, 4, 1, 0, 1, 3, 2, 3, 1, 2, 6, 3, 3, 5, 0, 6, 3, 3, 7, 7, 0, 3, 4, 2, 5, 3, 5, 3, 4, 3];522.0;0.8;81.4;302.0;598.0
167;10.0;[0, 4, 1, 0, 1, 3, 2, 3, 1, 2, 6, 3, 3, 5, 0, 6, 3, 3, 7, 7, 0, 3, 4, 2, 5, 3, 5, 3, 4, 3];527.5;0.8;81.4;302.0;598.0
168;10.0;[0, 4, 1, 0, 1, 3, 2, 3, 1, 2, 6, 3, 3, 5, 0, 6, 3, 3, 7, 7, 0, 3, 4, 2, 5, 3, 5, 3, 4, 3];528.0;0.8;81.4;304.0;596.0
169;10.0;[0, 4, 1, 0, 1, 3, 2, 3, 1, 2, 6, 3, 3, 5, 0, 6, 3, 3, 7, 7, 0, 3, 4, 2, 5, 3, 5, 3, 4, 3];538.5;0.8;81.4;302.0;598.0
170;10.0;[0, 4, 1, 0, 1, 3, 2, 3, 1, 2, 6, 3, 3, 5, 0, 6, 3, 3, 7, 7, 0, 3, 4, 2, 5, 3, 5, 3, 4, 3];546.5;0.8;81.4;301.0;599.0
171;10.0;[0, 4, 1, 0, 1, 3, 2, 3, 1, 2, 6, 3, 3, 5, 0, 6, 3, 3, 7, 7, 0, 3, 4, 2, 5, 3, 5, 3, 4, 3];554.3;0.8;81.4;300.0;600.0
172;10.0;[0, 4, 1, 0, 1, 3, 2, 3, 1, 2, 6, 3, 3, 5, 0, 6, 3, 3, 7, 7, 0, 3, 4, 2, 5, 3, 5, 3, 4, 3];562.1;0.8;81.4;299.0;601.0
173;11.0;[0, 4, 1, 0, 1, 3, 2, 3, 1, 2, 6, 3, 3, 5, 0, 6, 3, 3, 7, 7, 0, 3, 4, 2, 5, 3, 5, 3, 4, 3];516.0;0.91;81.4;299.0;601.0
174;11.0;[0, 4, 1, 0, 1, 3, 2, 3, 1, 2, 6, 3, 3, 5, 0, 6, 3, 3, 7, 7, 0, 3, 4, 2, 5, 3, 5, 3, 4, 3];523.09;0.91;81.4;298.0;602.0
175;11.0;[0, 4, 1, 0, 1, 3, 2, 3, 1, 2, 6, 3, 3, 5, 0, 6, 3, 3, 7, 7, 0, 3, 4, 2, 5, 3, 5, 3, 4, 3];532.45;0.91;81.4;296.0;604.0
176;12.0;[0, 4, 1, 0, 1, 3, 2, 3, 1, 2, 6, 3, 3, 5, 0, 6, 3, 3, 7, 7, 0, 3, 4, 2, 5, 3, 5, 3, 4, 3];492.5;1.0;81.4;296.0;604.0
177;13.0;[0, 4, 1, 0, 1, 3, 2, 3, 1, 2, 6, 3, 3, 5, 0, 6, 3, 3, 7, 7, 0, 3, 4, 2, 5, 3, 5, 3, 4, 3];462.38;1.08;81.4;294.0;606.0
178;13.0;[0, 4, 1, 0, 1, 3, 2, 3, 1, 2, 6, 3, 3, 5, 0, 6, 3, 3, 7, 7, 0, 3, 4, 2, 5, 3, 5, 3, 4, 3];471.92;1.08;81.4;291.0;609.0
179;14.0;[0, 4, 1, 0, 1, 3, 2, 3, 1, 2, 6, 3, 3, 5, 0, 6, 3, 3, 7, 7, 0, 3, 4, 2, 5, 3, 5, 3, 4, 3];447.07;1.14;81.4;288.0;612.0
180;15.0;[0, 4, 1, 0, 1, 3, 2, 3, 1, 2, 6, 3, 3, 5, 0, 6, 3, 3, 7, 7, 0, 3, 4, 2, 5, 3, 5, 3, 4, 3];424.4;1.2;81.4;285.0;615.0
181;16.0;[0, 4, 1, 0, 1, 3, 2, 3, 1, 2, 6, 3, 3, 5, 0, 6, 3, 3, 7, 7, 0, 3, 4, 2, 5, 3, 5, 3, 4, 3];406.81;1.25;81.4;281.0;619.0
182;17.0;[0, 4, 1, 0, 1, 3, 2, 3, 1, 2, 6, 3, 3, 5, 0, 6, 3, 3, 7, 7, 0, 3, 4, 2, 5, 3, 5, 3, 4, 3];386.88;1.29;81.4;280.0;620.0
183;18.0;[0, 4, 1, 0, 1, 3, 2, 3, 1, 2, 6, 3, 3, 5, 0, 6, 3, 3, 7, 7, 0, 3, 4, 2, 5, 3, 5, 3, 4, 3];374.61;1.33;81.4;275.0;625.0
184;18.0;[0, 4, 1, 0, 1, 3, 2, 3, 1, 2, 6, 3, 3, 5, 0, 6, 3, 3, 7, 7, 0, 3, 4, 2, 5, 3, 5, 3, 4, 3];383.61;1.33;81.4;270.0;630.0
185;18.0;[0, 4, 1, 0, 1, 3, 2, 3, 1, 2, 6, 3, 3, 5, 0, 6, 3, 3, 7, 7, 0, 3, 4, 2, 5, 3, 5, 3, 4, 3];392.72;1.33;81.4;265.0;635.0
186;18.0;[0, 4, 1, 0, 1, 3, 2, 3, 1, 2, 6, 3, 3, 5, 0, 6, 3, 3, 7, 7, 0, 3, 4, 2, 5, 3, 5, 3, 4, 3];396.83;1.33;81.4;263.0;637.0
187;20.0;[0, 4, 1, 0, 1, 3, 2, 3, 1, 2, 6, 3, 3, 5, 0, 6, 3, 3, 7, 7, 0, 3, 4, 2, 5, 3, 5, 3, 4, 3];359.95;1.4;81.4;262.0;638.0
188;21.0;[0, 4, 1, 0, 1, 3, 2, 3, 1, 2, 6, 3, 3, 5, 0, 6, 3, 3, 7, 7, 0, 3, 4, 2, 5, 3, 5, 3, 4, 3];349.14;1.43;81.4;258.0;642.0
189;23.0;[0, 4, 1, 0, 1, 3, 2, 3, 1, 2, 6, 3, 3, 5, 0, 6, 3, 3, 7, 7, 0, 3, 4, 2, 5, 3, 5, 3, 4, 3];321.04;1.48;81.4;257.0;643.0
190;24.0;[0, 4, 1, 0, 1, 3, 2, 3, 1, 2, 6, 3, 3, 5, 0, 6, 3, 3, 7, 7, 0, 3, 4, 2, 5, 3, 5, 3, 4, 3];310.79;1.5;81.4;255.0;645.0
191;25.0;[0, 4, 1, 0, 1, 3, 2, 3, 1, 2, 6, 3, 3, 5, 0, 6, 3, 3, 7, 7, 0, 3, 4, 2, 5, 3, 5, 3, 4, 3];303.28;1.52;81.4;251.0;649.0
192;26.0;[0, 4, 1, 0, 1, 3, 2, 3, 1, 2, 6, 3, 3, 5, 0, 6, 3, 3, 7, 7, 0, 3, 4, 2, 5, 3, 5, 3, 4, 3];295.46;1.54;81.4;248.0;652.0
193;27.0;[0, 4, 1, 0, 1, 3, 2, 3, 1, 2, 6, 3, 3, 5, 0, 6, 3, 3, 7, 7, 0, 3, 4, 2, 5, 3, 5, 3, 4, 3];288.93;1.56;81.4;244.0;656.0
194;27.0;[0, 4, 1, 0, 1, 3, 2, 3, 1, 2, 6, 3, 3, 5, 0, 6, 3, 3, 7, 7, 0, 3, 4, 2, 5, 3, 5, 3, 4, 3];293.33;1.56;81.4;240.0;660.0
195;27.0;[0, 4, 1, 0, 1, 3, 2, 3, 1, 2, 6, 3, 3, 5, 0, 6, 3, 3, 7, 7, 0, 3, 4, 2, 5, 3, 5, 3, 4, 3];297.74;1.56;81.4;236.0;664.0
196;27.0;[0, 4, 1, 0, 1, 3, 2, 3, 1, 2, 6, 3, 3, 5, 0, 6, 3, 3, 7, 7, 0, 3, 4, 2, 5, 3, 5, 3, 4, 3];302.22;1.56;81.4;232.0;668.0
197;27.0;[0, 4, 1, 0, 1, 3, 2, 3, 1, 2, 6, 3, 3, 5, 0, 6, 3, 3, 7, 7, 0, 3, 4, 2, 5, 3, 5, 3, 4, 3];305.78;1.56;81.4;229.0;671.0
198;28.0;[0, 4, 1, 0, 1, 3, 2, 3, 1, 2, 6, 3, 3, 5, 0, 6, 3, 3, 7, 7, 0, 3, 4, 2, 5, 3, 5, 3, 4, 3];299.11;1.57;81.4;225.0;675.0
199;28.0;[0, 4, 1, 0, 1, 3, 2, 3, 1, 2, 6, 3, 3, 5, 0, 6, 3, 3, 7, 7, 0, 3, 4, 2, 5, 3, 5, 3, 4, 3];304.25;1.57;81.4;220.0;680.0
200;28.0;[0, 4, 1, 0, 1, 3, 2, 3, 1, 2, 6, 3, 3, 5, 0, 6, 3, 3, 7, 7, 0, 3, 4, 2, 5, 3, 5, 3, 4, 3];304.86;1.57;81.4;220.0;680.0
201;30.0;[0, 4, 1, 0, 1, 3, 2, 3, 1, 2, 6, 3, 3, 5, 0, 6, 3, 3, 7, 7, 0, 3, 4, 2, 5, 3, 5, 3, 4, 3];288.43;1.6;81.4;216.0;684.0
202;32.0;[0, 4, 1, 0, 1, 3, 2, 3, 1, 2, 6, 3, 3, 5, 0, 6, 3, 3, 7, 7, 0, 3, 4, 2, 5, 3, 5, 3, 4, 3];273.09;1.63;81.4;213.0;687.0
203;32.0;[0, 4, 1, 0, 1, 3, 2, 3, 1, 2, 6, 3, 3, 5, 0, 6, 3, 3, 7, 7, 0, 3, 4, 2, 5, 3, 5, 3, 4, 3];275.66;1.63;81.4;210.0;690.0
204;31.0;[0, 4, 1, 0, 1, 3, 2, 3, 1, 2, 6, 3, 3, 5, 0, 6, 3, 3, 7, 7, 0, 3, 4, 2, 5, 3, 5, 3, 4, 3];288.16;1.61;76.27;206.0;694.0
205;31.0;[0, 4, 1, 0, 1, 3, 2, 3, 1, 2, 6, 3, 3, 5, 0, 6, 3, 3, 7, 7, 0, 3, 4, 2, 5, 3, 5, 3, 4, 3];290.16;1.58;73.67;204.0;696.0
206;31.0;[0, 4, 1, 0, 1, 3, 2, 3, 1, 2, 6, 3, 3, 5, 0, 6, 3, 3, 7, 7, 0, 3, 4, 2, 5, 3, 5, 3, 4, 3];292.19;1.58;73.67;202.0;698.0
207;31.0;[0, 4, 1, 0, 1, 3, 2, 3, 1, 2, 6, 3, 3, 5, 0, 6, 3, 3, 7, 7, 0, 3, 4, 2, 5, 3, 5, 3, 4, 3];294.23;1.58;73.67;200.0;700.0
208;32.0;[0, 4, 1, 0, 1, 3, 2, 3, 1, 2, 6, 3, 3, 5, 0, 6, 3, 3, 7, 7, 0, 3, 4, 2, 5, 3, 5, 3, 4, 3];288.09;1.59;73.67;196.0;704.0
209;32.0;[0, 4, 1, 0, 1, 3, 2, 3, 1, 2, 6, 3, 3, 5, 0, 6, 3, 3, 7, 7, 0, 3, 4, 2, 5, 3, 5, 3, 4, 3];290.31;1.59;73.67;193.0;707.0
210;32.0;[0, 4, 1, 0, 1, 3, 2, 3, 1, 2, 6, 3, 3, 5, 0, 6, 3, 3, 7, 7, 0, 3, 4, 2, 5, 3, 5, 3, 4, 3];291.69;1.59;73.67;191.0;709.0
211;32.0;[0, 4, 1, 0, 1, 3, 2, 3, 1, 2, 6, 3, 3, 5, 0, 6, 3, 3, 7, 7, 0, 3, 4, 2, 5, 3, 5, 3, 4, 3];292.69;1.59;73.67;190.0;710.0
212;33.0;[0, 4, 1, 0, 1, 3, 2, 3, 1, 2, 6, 3, 3, 5, 0, 6, 3, 3, 7, 7, 0, 3, 4, 2, 5, 3, 5, 3, 4, 3];289.45;1.61;73.67;183.0;717.0
213;33.0;[0, 4, 1, 0, 1, 3, 2, 3, 1, 2, 6, 3, 3, 5, 0, 6, 3, 3, 7, 7, 0, 3, 4, 2, 5, 3, 5, 3, 4, 3];290.3;1.61;73.67;182.0;718.0
214;32.0;[0, 4, 1, 0, 1, 3, 2, 3, 1, 2, 6, 3, 3, 5, 0, 6, 3, 3, 7, 7, 0, 3, 4, 2, 5, 3, 5, 3, 4, 3];301.25;1.66;100.77;180.0;720.0
215;32.0;[0, 4, 1, 0, 1, 3, 2, 3, 1, 2, 6, 3, 3, 5, 0, 6, 3, 3, 7, 7, 0, 3, 4, 2, 5, 3, 5, 3, 4, 3];303.03;1.66;100.77;178.0;722.0
216;33.0;[0, 4, 1, 0, 1, 3, 2, 3, 1, 2, 6, 3, 3, 5, 0, 6, 3, 3, 7, 7, 0, 3, 4, 2, 5, 3, 5, 3, 4, 3];292.03;1.67;100.77;180.0;720.0
217;34.0;[0, 4, 1, 0, 1, 3, 2, 3, 1, 2, 6, 3, 3, 5, 0, 6, 3, 3, 7, 7, 0, 3, 4, 2, 5, 3, 5, 3, 4, 3];284.44;1.68;100.77;179.0;721.0
218;35.0;[0, 4, 1, 0, 1, 3, 2, 3, 1, 2, 6, 3, 3, 5, 0, 6, 3, 3, 7, 7, 0, 3, 4, 2, 5, 3, 5, 3, 4, 3];279.37;1.69;100.77;175.0;725.0
219;37.0;[0, 4, 1, 0, 1, 3, 2, 3, 1, 2, 6, 3, 3, 5, 0, 6, 3, 3, 7, 7, 0, 3, 4, 2, 5, 3, 5, 3, 4, 3];266.43;1.7;100.77;172.0;728.0
220;39.0;[0, 4, 1, 0, 1, 3, 2, 3, 1, 2, 6, 3, 3, 5, 0, 6, 3, 3, 7, 7, 0, 3, 4, 2, 5, 3, 5, 3, 4, 3];254.08;1.72;100.77;170.0;730.0
221;41.0;[0, 4, 1, 0, 1, 3, 2, 3, 1, 2, 6, 3, 3, 5, 0, 6, 3, 3, 7, 7, 0, 3, 4, 2, 5, 3, 5, 3, 4, 3];244.0;1.73;96.93;166.0;734.0
222;44.0;[0, 4, 1, 0, 1, 3, 2, 3, 1, 2, 6, 3, 3, 5, 0, 6, 3, 3, 7, 7, 0, 3, 4, 2, 5, 3, 5, 3, 4, 3];228.34;1.75;96.93;164.0;736.0
223;44.0;[0, 4, 1, 0, 1, 3, 2, 3, 1, 2, 6, 3, 3, 5, 0, 6, 3, 3, 7, 7, 0, 3, 4, 2, 5, 3, 5, 3, 4, 3];228.43;1.75;96.93;163.0;737.0
224;45.0;[0, 4, 1, 0, 1, 3, 2, 3, 1, 2, 6, 3, 3, 5, 0, 6, 3, 3, 7, 7, 0, 3, 4, 2, 5, 3, 5, 3, 4, 3];224.56;1.76;96.93;160.0;740.0
225;45.0;[0, 4, 1, 0, 1, 3, 2, 3, 1, 2, 6, 3, 3, 5, 0, 6, 3, 3, 7, 7, 0, 3, 4, 2, 5, 3, 5, 3, 4, 3];226.27;1.76;96.93;156.0;744.0
226;43.0;[0, 4, 1, 0, 1, 3, 2, 3, 1, 2, 6, 3, 3, 5, 0, 6, 3, 3, 7, 7, 0, 3, 4, 2, 5, 3, 5, 3, 4, 3];238.16;1.74;89.44;153.0;747.0
227;44.0;[0, 4, 1, 0, 1, 3, 2, 3, 1, 2, 6, 3, 3, 5, 0, 6, 3, 3, 7, 7, 0, 3, 4, 2, 5, 3, 5, 3, 4, 3];236.86;1.75;89.44;145.0;755.0
228;45.0;[0, 4, 1, 0, 1, 3, 2, 3, 1, 2, 6, 3, 3, 5, 0, 6, 3, 3, 7, 7, 0, 3, 4, 2, 5, 3, 5, 3, 4, 3];231.18;1.76;89.44;145.0;755.0
229;45.0;[0, 4, 1, 0, 1, 3, 2, 3, 1, 2, 6, 3, 3, 5, 0, 6, 3, 3, 7, 7, 0, 3, 4, 2, 5, 3, 5, 3, 4, 3];234.64;1.76;89.44;138.0;762.0
230;45.0;[0, 4, 1, 0, 1, 3, 2, 3, 1, 2, 6, 3, 3, 5, 0, 6, 3, 3, 7, 7, 0, 3, 4, 2, 5, 3, 5, 3, 4, 3];235.71;1.76;89.44;135.0;765.0
231;47.0;[0, 4, 1, 0, 1, 3, 2, 3, 1, 2, 6, 3, 3, 5, 0, 6, 3, 3, 7, 7, 0, 3, 4, 2, 5, 3, 5, 3, 4, 3];227.19;1.77;89.44;131.0;769.0
232;49.0;[0, 4, 1, 0, 1, 3, 2, 3, 1, 2, 6, 3, 3, 5, 0, 6, 3, 3, 7, 7, 0, 3, 4, 2, 5, 3, 5, 3, 4, 3];219.53;1.78;89.44;127.0;773.0
233;49.0;[0, 4, 1, 0, 1, 3, 2, 3, 1, 2, 6, 3, 3, 5, 0, 6, 3, 3, 7, 7, 0, 3, 4, 2, 5, 3, 5, 3, 4, 3];220.39;1.78;89.44;124.0;776.0
234;49.0;[0, 4, 1, 0, 1, 3, 2, 3, 1, 2, 6, 3, 3, 5, 0, 6, 3, 3, 7, 7, 0, 3, 4, 2, 5, 3, 5, 3, 4, 3];221.39;1.73;90.88;121.0;779.0
235;48.0;[0, 4, 1, 0, 1, 3, 2, 3, 1, 2, 6, 3, 3, 5, 0, 6, 3, 3, 7, 7, 0, 3, 4, 2, 5, 3, 5, 3, 4, 3];226.04;1.69;90.61;120.0;780.0
236;48.0;[6, 4, 2, 2, 3, 0, 2, 1, 6, 0, 4, 3, 6, 5, 7, 6, 1, 2, 6, 0, 1, 7, 2, 6, 0, 3, 0, 3, 5, 7];226.06;1.71;91.16;119.0;781.0
237;49.0;[0, 4, 1, 0, 1, 3, 2, 3, 1, 2, 6, 3, 3, 5, 0, 6, 3, 3, 7, 7, 0, 3, 4, 2, 5, 3, 5, 3, 4, 3];221.41;1.71;91.16;118.0;782.0
238;50.0;[0, 4, 1, 0, 1, 3, 2, 3, 1, 2, 6, 3, 3, 5, 0, 6, 3, 3, 7, 7, 0, 3, 4, 2, 5, 3, 5, 3, 4, 3];216.68;1.72;91.16;117.0;783.0
239;52.0;[0, 4, 1, 0, 1, 3, 2, 3, 1, 2, 6, 3, 3, 5, 0, 6, 3, 3, 7, 7, 0, 3, 4, 2, 5, 3, 5, 3, 4, 3];207.75;1.73;91.16;116.0;784.0
240;52.0;[0, 4, 1, 0, 1, 3, 2, 3, 1, 2, 6, 3, 3, 5, 0, 6, 3, 3, 7, 7, 0, 3, 4, 2, 5, 3, 5, 3, 4, 3];208.33;1.73;90.4;113.0;787.0
241;54.0;[0, 4, 1, 0, 1, 3, 2, 3, 1, 2, 6, 3, 3, 5, 0, 6, 3, 3, 7, 7, 0, 3, 4, 2, 5, 3, 5, 3, 4, 3];199.93;1.74;90.4;113.0;787.0
242;56.0;[0, 4, 1, 0, 1, 3, 2, 3, 1, 2, 6, 3, 3, 5, 0, 6, 3, 3, 7, 7, 0, 3, 4, 2, 5, 3, 5, 3, 4, 3];192.13;1.75;90.4;113.0;787.0
243;56.0;[0, 4, 1, 0, 1, 3, 2, 3, 1, 2, 6, 3, 3, 5, 0, 6, 3, 3, 7, 7, 0, 3, 4, 2, 5, 3, 5, 3, 4, 3];190.98;1.75;88.48;114.0;786.0
244;56.0;[0, 4, 1, 0, 1, 3, 2, 3, 1, 2, 6, 3, 3, 5, 0, 6, 3, 3, 7, 7, 0, 3, 4, 2, 5, 3, 5, 3, 4, 3];191.59;1.75;88.48;111.0;789.0
245;59.0;[0, 4, 1, 0, 1, 3, 2, 3, 1, 2, 6, 3, 3, 5, 0, 6, 3, 3, 7, 7, 0, 3, 4, 2, 5, 3, 5, 3, 4, 3];181.29;1.76;88.48;110.0;790.0
246;58.0;[0, 4, 1, 0, 1, 3, 2, 3, 1, 2, 6, 3, 3, 5, 0, 6, 3, 3, 7, 7, 0, 3, 4, 2, 5, 3, 5, 3, 4, 3];183.02;1.76;86.68;110.0;790.0
247;57.0;[0, 4, 1, 0, 1, 3, 2, 3, 1, 2, 6, 3, 3, 5, 0, 6, 3, 3, 7, 7, 0, 3, 4, 2, 5, 3, 5, 3, 4, 3];185.07;1.75;85.04;110.0;790.0
248;59.0;[0, 4, 1, 0, 1, 3, 2, 3, 1, 2, 6, 3, 3, 5, 0, 6, 3, 3, 7, 7, 0, 3, 4, 2, 5, 3, 5, 3, 4, 3];176.97;1.76;85.04;112.0;788.0
249;60.0;[0, 4, 1, 0, 1, 3, 2, 3, 1, 2, 6, 3, 3, 5, 0, 6, 3, 3, 7, 7, 0, 3, 4, 2, 5, 3, 5, 3, 4, 3];173.62;1.73;89.44;111.0;789.0
250;59.0;[0, 4, 1, 0, 1, 3, 2, 3, 1, 2, 6, 3, 3, 5, 0, 6, 3, 3, 7, 7, 0, 3, 4, 2, 5, 3, 5, 3, 4, 3];175.68;1.73;90.77;111.0;789.0
251;60.0;[0, 4, 1, 0, 1, 3, 2, 3, 1, 2, 6, 3, 3, 5, 0, 6, 3, 3, 7, 7, 0, 3, 4, 2, 5, 3, 5, 3, 4, 3];170.72;1.73;90.77;113.0;787.0
252;61.0;[0, 4, 1, 0, 1, 3, 2, 3, 1, 2, 6, 3, 3, 5, 0, 6, 3, 3, 7, 7, 0, 3, 4, 2, 5, 3, 5, 3, 4, 3];167.59;1.74;90.77;111.0;789.0
